Entity,Year,Access to electricity (% of population),Access to clean fuels for cooking,Renewable-electricity-generating-capacity-per-capita,Financial flows to developing countries (US $),Renewable energy share in the total final energy consumption (%),Electricity from fossil fuels (TWh),Electricity from nuclear (TWh),Electricity from renewables (TWh),Low-carbon electricity (% electricity),Primary energy consumption per capita (kWh/person),Energy intensity level of primary energy (MJ/$2017 PPP GDP),Value_co2_emissions_kt_by_country,Renewables (% equivalent primary energy),gdp_growth,gdp_per_capita,Density\n(P/Km2),Land Area(Km2),Latitude,Longitude
Afghanistan,2014,89.5,26.1,8.95,6940000.0,18.93,0.16,0.0,1.0,86.2069,868.5762,2.25,4880.000114,,2.724543364,614.2233424,60,652230.0,33.93911,67.709953
Afghanistan,2019,97.7,31.9,9.58,4620000.0,18.51,0.18,0.0,0.89,83.17757,802.61255,2.41,6079.999924,,3.911603419,494.1793499,60,652230.0,33.93911,67.709953
Albania,2014,99.95,74.6,,,,0.0,0.0,4.68,100.0,11809.461,2.93,4820.000172,,1.774448855,4578.633208,105,28748.0,41.153332,20.168331
Albania,2019,100.0,80.7,,,,0.0,0.0,5.17,100.0,11585.555,2.5,4829.999924,,2.113419982,5395.659532,105,28748.0,41.153332,20.168331
Algeria,2014,99.08701,99.5,6.78,940000.0,0.07,60.15,0.0,0.25,0.41390726,15108.635,5.0,147740.0055,0.117502466,3.8,5493.056695,18,2381741.0,28.033886,1.659626
Algeria,2019,99.5,99.7,15.93,60000.0,0.16,75.85,0.0,0.84,1.0953188,16259.053,5.32,171250.0,0.29474697,1.0,3989.668276,18,2381741.0,28.033886,1.659626
Angola,2014,32.0,46.5,38.31,,48.23,3.98,0.0,5.24,56.83297,4135.0474,3.28,29629.99916,,4.822627568,5408.4117,26,1246700.0,-11.202692,17.873887
Angola,2019,45.6428,49.5,108.71,60000.0,54.69,4.38,0.0,11.02,71.55844,3667.4238,2.94,25209.99908,,-0.624644318,2809.626088,26,1246700.0,-11.202692,17.873887
Antigua and Barbuda,2014,100.0,100.0,4.32,,0.14,0.32,0.0,0.0,0.0,33313.0,4.01,479.9999893,,3.795727613,13501.58092,223,443.0,17.060816,-61.796428
Antigua and Barbuda,2019,100.0,100.0,85.47,,0.91,0.33,0.0,0.01,2.9411764,33027.516,3.45,519.9999809,,4.862236166,17376.64968,223,443.0,17.060816,-61.796428
Argentina,2014,100.0,99.7,248.74,2472850000.0,9.79,92.18,5.26,34.37,30.066004,22881.006,3.4,179600.0061,11.038978,-2.512615321,12334.79825,17,2780400.0,-38.416097,-63.616672
Argentina,2019,100.0,99.9,283.38,474460000.0,10.74,90.56,7.97,34.63,31.991589,20725.168,3.35,168100.0061,11.926772,-2.025934237,10056.63794,17,2780400.0,-38.416097,-63.616672
Armenia,2014,99.71,97.6,446.62,9340000.0,7.08,3.09,2.27,1.97,57.84447,15185.13,4.11,5480.000019,,3.600000001,3986.231624,104,29743.0,40.069099,45.038189
Armenia,2019,100.0,98.0,469.73,72580000.0,10.34,2.86,2.03,2.41,60.821915,16179.096,3.53,6170.000076,,7.599999999,4604.646324,104,29743.0,40.069099,45.038189
Aruba,2014,100.0,,355.57,,6.93,0.73,0.0,0.16,17.977528,50628.816,3.38,872.746,,0.3,26893.01151,590,179.0,12.52111,-69.96833
Aruba,2019,100.0,,358.39,,7.48,0.77,0.0,0.15,16.304348,51107.844,3.2,,,,,590,179.0,12.52111,-69.96833
Australia,2014,100.0,100.0,,,9.32,205.46,0.0,36.15,14.96213,66744.195,4.78,371630.0049,5.979823,2.562931521,62511.69059,3,7741220.0,-25.274398,133.775136
Australia,2019,100.0,100.0,,,10.13,196.45,0.0,53.41,21.37597,66263.54,4.3,386529.9988,8.880722,2.113149425,54875.28596,3,7741220.0,-25.274398,133.775136
Austria,2014,100.0,100.0,,,35.67,11.42,0.0,50.2,81.46706,46196.465,2.97,62049.99924,36.640297,0.661272849,51717.49594,109,83871.0,47.516231,14.550072
Austria,2019,100.0,100.0,,,33.77,16.22,0.0,54.64,77.109795,48314.258,2.82,64769.99664,35.611378,1.49121085,50114.40111,109,83871.0,47.516231,14.550072
Azerbaijan,2014,100.0,95.5,117.84,20000.0,2.12,22.03,0.0,1.29,5.5317326,16145.47,4.3,32240.00168,2.433617,2.75050703,7891.313147,123,86600.0,40.143105,47.576927
Azerbaijan,2019,100.0,96.7,128.51,,1.62,22.91,0.0,1.69,6.869919,17546.781,4.61,35509.99832,2.674584,2.5,4805.753718,123,86600.0,40.143105,47.576927
Bahamas,2014,100.0,100.0,3.44,,1.14,1.81,0.0,0.0,0.0,31772.066,2.65,,,,,41,13878.0,25.025885,-78.035889
Bahamas,2019,100.0,100.0,5.88,560000.0,1.14,2.1,0.0,0.0,0.0,39636.066,2.53,,,,,41,13878.0,25.025885,-78.035889
Bahrain,2014,100.0,100.0,4.26,,0.0,25.62,0.0,0.01,0.03901678,153929.6,8.77,30280.00069,,4.350390853,24989.43753,2239,765.0,26.0667,50.5577
Bahrain,2019,100.0,100.0,6.11,,0.0,31.43,0.0,0.01,0.031806614,155398.47,8.73,33259.99832,,2.141376784,23551.93009,2239,765.0,26.0667,50.5577
Bangladesh,2014,62.4,17.1,2.3,90490000.0,35.32,51.78,0.0,0.81,1.5402168,2040.6984,2.66,63830.00183,0.646162,6.061059359,1118.873808,1265,148460.0,23.684994,90.356331
Bangladesh,2019,92.2,23.4,2.93,137390000.0,24.75,78.37,0.0,1.14,1.4337819,2916.3176,2.36,90739.99786,0.6751287,8.152684149,1855.740094,1265,148460.0,23.684994,90.356331
Barbados,2014,100.0,100.0,22.82,,3.44,0.96,0.0,0.01,1.0309278,23147.074,3.98,1269.999981,,-0.124547101,16489.07224,668,430.0,13.193887,-59.543198
Barbados,2019,100.0,100.0,122.01,34100000.0,4.31,0.98,0.0,0.04,3.9215686,25172.027,3.54,1250.0,,-0.096135553,18148.49785,668,430.0,13.193887,-59.543198
Belarus,2014,100.0,99.2,,,6.69,32.36,0.0,0.27,0.8274594,30426.229,6.4,59500.0,0.20674793,1.726384854,8341.399679,47,207600.0,53.709807,27.953389
Belarus,2019,100.0,99.5,,,7.83,36.74,0.0,0.94,2.494692,31923.436,5.97,57669.99817,0.70776963,1.4,6837.717826,47,207600.0,53.709807,27.953389
Belgium,2014,100.0,100.0,,,9.13,25.03,33.7,12.21,64.71666,58234.56,4.03,90139.99939,6.051173,1.578533143,47700.54036,383,30528.0,50.503887,4.469936
Belgium,2019,100.0,100.0,,,10.21,29.32,43.52,19.47,68.237465,64152.26,3.87,93010.00214,7.959382,2.149559681,46591.49161,383,30528.0,50.503887,4.469936
Belize,2014,91.36426,83.0,240.8,,37.47,0.19,0.0,0.32,62.7451,9421.46,4.9,479.9999893,,4.037695674,4718.436581,17,22966.0,17.189877,-88.49765
Belize,2019,92.72,82.1,263.4,260000.0,29.09,0.41,0.0,0.47,53.409092,9883.737,6.12,639.9999857,,1.762797913,5078.809944,17,22966.0,17.189877,-88.49765
Benin,2014,34.1,4.3,0.07,12880000.0,51.05,0.22,0.0,0.0,0.0,1940.2653,5.54,5190.000057,,6.357679098,1291.410185,108,112622.0,9.30769,2.315834
Benin,2019,40.32869,4.0,0.29,40000.0,46.47,0.19,0.0,0.01,5.0,2416.162,5.69,7300.000191,,6.865687336,1219.515506,108,112622.0,9.30769,2.315834
Bermuda,2014,100.0,,,,0.43,0.0,0.0,0.0,,46727.742,1.95,649.059,,-3.701067594,98467.68399,1281,54.0,32.299507,-64.790337
Bermuda,2019,100.0,,,,0.84,0.0,0.0,0.0,,50639.293,1.65,,,0.459889943,117098.4463,1281,54.0,32.299507,-64.790337
Bhutan,2014,91.48351,72.9,2069.91,1990000.0,86.54,0.0,0.0,7.15,100.0,23328.47,9.32,699.9999881,,5.77649568,2652.225654,20,38394.0,27.514162,90.433601
Bhutan,2019,100.0,79.4,3060.19,700000.0,82.27,0.0,0.0,8.95,100.0,27251.602,7.91,1049.999952,,5.755169995,3322.863329,20,38394.0,27.514162,90.433601
Bosnia and Herzegovina,2014,100.0,44.05,,,23.68,9.61,0.0,5.89,38.0,19855.676,5.98,19489.99977,,1.153851092,5330.355075,64,51197.0,43.915886,17.679076
Bosnia and Herzegovina,2019,100.0,45.0,,,37.02,10.36,0.0,6.31,37.85243,20694.338,6.14,21069.99969,,2.831002603,6119.762345,64,51197.0,43.915886,17.679076
Botswana,2014,59.952995,61.3,0.89,2550000.0,25.38,2.17,0.0,0.0,0.0,8513.395,3.11,6989.999771,,4.149262255,7495.220866,4,581730.0,-22.328474,24.684866
Botswana,2019,69.95974,63.9,2.65,,25.57,3.05,0.0,0.01,0.3267974,9467.984,2.69,7250.0,,2.992737635,7203.064221,4,581730.0,-22.328474,24.684866
Brazil,2014,99.650246,95.2,524.97,489030000.0,41.71,136.58,14.46,430.82,76.527,17519.043,3.98,511619.9951,38.852745,0.50395574,12112.83496,25,8515770.0,-14.235004,-51.92528
Brazil,2019,99.8,95.8,684.92,50980000.0,47.57,90.91,15.16,512.59,85.30534,16681.945,3.93,434299.9878,47.304844,1.411152985,8897.552966,25,8515770.0,-14.235004,-51.92528
Bulgaria,2014,100.0,,,,17.15,23.66,15.87,7.39,49.573746,28695.912,5.47,42049.99924,9.543798,0.966869032,7901.785876,64,110879.0,42.733883,25.48583
Bulgaria,2019,100.0,,,,19.34,19.75,16.56,7.49,54.908676,29996.027,4.74,39139.99939,9.948385,4.037592082,9879.268533,64,110879.0,42.733883,25.48583
Burkina Faso,2014,19.2,7.6,2.23,38410000.0,75.24,1.02,0.0,0.1,8.928572,677.6461,4.91,3180.000067,,4.326845615,792.8462374,76,274200.0,12.238333,-1.561593
Burkina Faso,2019,18.374855,10.1,4.81,45840000.0,64.85,1.51,0.0,0.21,12.209302,946.95734,4.49,5000.0,,5.688115149,796.1152068,76,274200.0,12.238333,-1.561593
Burundi,2014,7.0,0.2,5.85,140890000.0,91.28,0.04,0.0,0.15,78.94737,196.12764,7.08,379.9999952,,4.240651644,274.8578362,463,27830.0,-3.373056,29.918886
Burundi,2019,11.356528,0.2,4.98,89840000.0,84.77,0.12,0.0,0.24,66.666664,309.34055,7.62,720.0000286,,1.842476677,228.2135892,463,27830.0,-3.373056,29.918886
Cambodia,2014,56.1,18.0,63.67,420000.0,63.7,1.03,0.0,1.96,65.55184,2031.7474,4.5,6949.999809,,7.142571101,1093.495976,95,181035.0,12.565679,104.990963
Cambodia,2019,84.0,32.6,91.27,360000.0,53.36,3.94,0.0,4.51,53.372787,4069.4607,4.68,16180.00031,,7.054106932,1643.121389,95,181035.0,12.565679,104.990963
Cameroon,2014,56.8,21.7,32.54,11230000.0,76.79,2.33,0.0,4.34,65.06747,1941.542,4.78,8250.0,,5.719818144,1604.214035,56,475440.0,7.369722,12.354722
Cameroon,2019,63.48988,22.2,30.59,7360000.0,79.41,2.99,0.0,5.36,64.19161,1720.2494,4.33,9430.000305,,3.475059979,1533.095688,56,475440.0,7.369722,12.354722
Canada,2014,100.0,100.0,,,22.49,122.75,101.21,412.13,80.702415,113198.414,6.99,561679.9927,28.14776,2.870036075,50955.99832,4,9984670.0,56.130366,-106.346771
Canada,2019,100.0,100.0,,,22.11,110.65,95.47,421.8,82.378334,107980.76,6.94,580210.022,28.586376,1.879592028,46338.34096,4,9984670.0,56.130366,-106.346771
Cayman Islands,2014,100.0,,0.0,,0.01,0.61,0.0,0.0,0.0,40977.293,1.94,546.383,,2.654527985,74990.43322,274,264.0,19.3299,81.2524
Cayman Islands,2019,100.0,,170.81,,0.0,0.68,0.0,0.02,2.857143,50531.71,2.06,,,3.817100404,91392.64259,274,264.0,19.3299,81.2524
Central African Republic,2014,12.057397,0.6,4.29,0.0,94.82,0.0,0.0,0.17,100.0,238.23833,9.55,129.9999952,,0.081070515,424.4491317,8,622984.0,6.611111,20.939444
Central African Republic,2019,14.3,0.7,4.04,50050000.0,91.26,0.0,0.0,0.15,100.0,299.18008,8.39,239.9999946,,3.0,467.9080323,8,622984.0,6.611111,20.939444
Chad,2014,8.405685,3.7,0.15,20000.0,76.86,0.27,0.0,0.0,0.0,303.73856,3.53,2259.99999,,6.899985045,1020.287979,13,1284000.0,15.454166,18.732207
Chad,2019,8.4,6.1,0.21,,77.79,0.3,0.0,0.01,3.2258065,458.18085,3.77,2250.0,,3.247181917,709.5400432,13,1284000.0,15.454166,18.732207
Chile,2014,100.0,100.0,468.99,1263800000.0,26.95,44.51,,25.44,36.368835,23154.375,3.39,76559.99756,20.193163,1.766739784,14670.98891,26,756096.0,-35.675147,-71.542969
Chile,2019,100.0,100.0,606.69,,25.26,45.16,,32.23,41.64621,24894.514,3.66,91370.00275,24.144995,0.942005307,14741.7144,26,756096.0,-35.675147,-71.542969
China,2014,100.0,66.0,296.29,229420000.0,11.94,4345.86,133.22,1289.23,24.659735,25072.023,7.69,10006669.92,10.19733,7.425763656,7636.116601,153,9596960.0,35.86166,104.195397
China,2019,100.0,77.6,529.28,201540000.0,14.45,5098.22,348.7,2014.57,31.672895,28277.445,6.31,10707219.73,13.51596,5.949714233,10143.83817,153,9596960.0,35.86166,104.195397
Colombia,2014,97.79094,89.1,237.49,55290000.0,32.38,20.99,0.0,48.06,69.60174,10938.481,2.58,79199.99695,28.364685,4.499030001,8114.343921,46,1138910.0,4.570868,-74.297333
Colombia,2019,99.75592,92.5,245.49,152510000.0,30.72,23.84,0.0,54.31,69.49456,11221.787,2.51,81040.00092,29.890343,3.281116805,6424.979492,46,1138910.0,4.570868,-74.297333
Comoros,2014,72.162796,5.3,1.91,120000.0,66.02,0.05,0.0,0.0,0.0,981.591,2.57,170.0000018,,2.100006438,1513.830379,467,2235.0,-11.6455,43.3333
Comoros,2019,84.297775,7.8,1.7,,53.43,0.1,0.0,0.0,0.0,1685.7296,3.19,319.9999928,,1.75532828,1401.542312,467,2235.0,-11.6455,43.3333
Congo,2014,43.43212,23.5,43.63,0.0,62.23,0.72,0.0,0.96,57.14286,5931.7676,4.24,,,,,18,2345409.0,-4.1128,13.7289
Congo,2019,48.407475,32.6,42.16,90000.0,68.67,2.72,0.0,0.94,25.68306,2873.82,6.55,,,,,18,2345409.0,-4.1128,13.7289
Costa Rica,2014,99.35929,94.0,468.18,161780000.0,37.62,1.1,0.0,9.01,89.11969,11726.931,2.37,7829.999924,,3.542109878,10847.16967,100,51100.0,9.748917,-83.753428
Costa Rica,2019,99.71,95.6,622.84,680000.0,35.76,0.25,0.0,11.18,97.81277,13012.45,2.11,8239.999771,,2.256315079,12693.82796,100,51100.0,9.748917,-83.753428
Croatia,2014,100.0,100.0,,,33.6,3.5,0.0,9.94,73.95833,22411.172,3.33,16239.99977,28.121477,-0.345947048,13762.37286,73,56594.0,45.1,15.2
Croatia,2019,100.0,100.0,,,31.6,4.31,0.0,8.35,65.95577,23200.729,3.07,16520.00046,23.463097,3.481945603,15311.7669,73,56594.0,45.1,15.2
Cuba,2014,98.42399,92.7,52.67,40000.0,23.16,16.52,0.0,1.8,9.825328,11257.336,1.61,26690.00053,,1.047576632,7133.337679,106,110860.0,21.521757,-77.781167
Cuba,2019,99.8,93.6,95.74,5670000.0,21.54,16.54,0.0,2.99,15.309779,9606.213,1.27,25909.99985,,-0.164839982,9125.878679,106,110860.0,21.521757,-77.781167
Cyprus,2014,100.0,100.0,,,9.59,4.03,0.0,0.31,7.142857,24039.48,2.95,6809.999943,3.1309736,-1.829309109,27163.33297,131,9251.0,35.126413,33.429859
Cyprus,2019,100.0,100.0,,,12.05,4.63,0.0,0.52,10.097087,26442.418,2.67,7190.000057,4.2749753,5.283187396,29206.07672,131,9251.0,35.126413,33.429859
Czechia,2014,100.0,100.0,,,14.85,45.51,30.33,9.17,46.465122,45633.582,4.85,97510.00214,5.645436,,,136,78871.0,49.817492,15.472962
Czechia,2019,100.0,100.0,,,15.85,45.44,30.25,10.08,47.021107,45355.285,4.12,96290.00092,6.1152124,,,136,78871.0,49.817492,15.472962
Denmark,2014,100.0,100.0,,,30.18,14.2,0.0,17.99,55.886925,35394.48,2.32,35819.99969,24.633705,1.619393811,62548.98473,137,43094.0,56.26392,9.501785
Denmark,2019,100.0,100.0,,,37.52,6.44,0.0,23.07,78.17689,33139.277,2.0,29700.00076,32.79566,2.114664208,59775.7351,137,43094.0,56.26392,9.501785
Djibouti,2014,56.61884,8.1,0.33,3140000.0,30.82,0.09,0.0,0.0,0.0,4183.972,2.49,400.000006,,7.061543242,2464.294905,43,23200.0,11.825138,42.590275
Djibouti,2019,61.21193,9.5,0.37,26860000.0,27.92,0.06,0.0,0.0,0.0,2848.7866,1.89,419.9999869,,7.770497257,3414.916178,43,23200.0,11.825138,42.590275
Dominica,2014,99.73655,88.9,98.89,1700000.0,9.97,0.07,0.0,0.03,30.0,11281.383,3.05,180.0000072,,4.447947365,7317.486143,96,751.0,15.414999,-61.370976
Dominica,2019,100.0,89.3,99.08,8940000.0,8.05,0.07,0.0,0.02,22.222221,11049.87,2.97,170.0000018,,7.571391597,8516.280039,96,751.0,15.414999,-61.370976
Dominican Republic,2014,98.47098,88.5,72.21,450000.0,17.28,14.63,0.0,1.64,10.079902,8537.962,2.19,21450.00076,,7.05046369,6608.825501,225,48670.0,18.735693,-70.162651
Dominican Republic,2019,99.0,90.9,114.65,42670000.0,13.98,16.91,0.0,2.36,12.247015,11098.332,2.08,27229.99954,,5.05216802,8282.117131,225,48670.0,18.735693,-70.162651
Ecuador,2014,98.97607,94.3,152.96,509020000.0,12.18,11.36,0.0,12.09,51.556503,11816.219,3.38,41799.99924,17.276142,3.788868549,6377.093929,71,283561.0,-1.831239,-78.183406
Ecuador,2019,99.09,94.45,303.72,60120000.0,17.73,7.09,0.0,25.2,78.04273,12160.402,3.26,39290.00092,31.76902,0.012105103,6222.524653,71,283561.0,-1.831239,-78.183406
Egypt,2014,99.8,99.8,38.23,80000.0,5.59,159.93,0.0,15.36,8.762622,9999.618,3.63,,4.1816525,,,103,1001450.0,26.820553,30.802498
Egypt,2019,100.0,99.9,59.16,340400000.0,5.3,173.86,0.0,20.75,10.662351,9919.544,3.41,,5.1698976,,,103,1001450.0,26.820553,30.802498
El Salvador,2014,95.12542,84.0,160.39,10000.0,23.95,2.1,0.0,4.14,66.34615,6015.019,3.33,6590.000153,,1.710709945,3589.042885,313,21041.0,13.794185,-88.89653
El Salvador,2019,97.36,90.75,230.3,1180000.0,19.39,1.84,0.0,4.15,69.28214,7271.5205,3.37,7800.000191,,2.382581398,4167.730939,313,21041.0,13.794185,-88.89653
Equatorial Guinea,2014,65.92347,23.9,111.92,,4.2,0.71,0.0,0.38,34.862385,24158.016,3.22,7909.999847,,0.415066302,19394.08066,50,28051.0,1.650801,10.267895
Equatorial Guinea,2019,66.600044,24.0,93.76,,6.58,0.95,0.0,0.45,32.142857,17644.693,3.01,5349.999905,,-5.978936905,8419.933336,50,28051.0,1.650801,10.267895
Eritrea,2014,44.828312,8.9,2.62,,77.8,0.32,0.0,0.0,0.0,716.5409,4.741397,649.9999762,,,,35,117600.0,15.179384,39.782334
Eritrea,2019,50.936993,9.2,5.94,,73.67,0.43,0.0,0.01,2.2727273,936.4785,,879.9999952,,,,35,117600.0,15.179384,39.782334
Estonia,2014,100.0,100.0,,,25.3,11.06,0.0,1.39,11.164659,56413.82,6.02,17940.00053,5.5141263,3.011366587,20234.11742,31,45228.0,58.595272,25.013607
Estonia,2019,100.0,100.0,,,31.29,5.47,0.0,2.14,28.120895,47295.336,4.49,10180.00031,9.91299,4.096342644,23397.12001,31,45228.0,58.595272,25.013607
Eswatini,2014,65.0,46.3,154.25,,71.67,0.04,0.0,0.61,93.84616,5096.1387,4.74,750.0,,0.923230547,4039.159341,67,17364.0,-26.522503,31.465866
Eswatini,2019,76.86944,53.8,147.22,,65.95,0.04,0.0,0.67,94.3662,5780.252,4.67,959.9999785,,2.61303529,3915.643467,67,17364.0,-26.522503,31.465866
Ethiopia,2014,27.2,3.7,22.73,655350000.0,91.25,0.02,0.0,9.45,99.7888,697.6292,9.94,12340.00015,,10.25749296,566.9264029,115,1104300.0,9.145,40.489673
Ethiopia,2019,48.06359,7.0,39.71,56700000.0,88.92,0.01,0.0,14.22,99.929726,921.99115,7.53,18360.00061,,8.364085699,855.7608852,115,1104300.0,9.145,40.489673
Fiji,2014,93.786606,38.1,220.93,6670000.0,33.17,0.38,0.0,0.53,58.241753,7886.4253,2.33,1289.999962,,5.603514887,5605.609148,49,18274.0,-17.713371,178.065032
Fiji,2019,99.71588,49.4,237.93,110000.0,26.48,0.42,0.0,0.71,62.83186,9417.632,2.15,1629.999995,,-0.445563044,6175.890653,49,18274.0,-17.713371,178.065032
Finland,2014,100.0,100.0,,,41.25,17.95,23.58,26.28,73.528984,60391.24,5.81,46159.99985,24.728233,-0.364908157,50260.29986,18,338145.0,61.92411,25.748151
Finland,2019,100.0,100.0,,,45.76,12.63,23.87,31.88,81.52969,59219.418,5.19,40709.99908,29.214561,1.220754143,48628.64176,18,338145.0,61.92411,25.748151
France,2014,100.0,100.0,,,13.2,35.68,436.48,94.03,93.69823,43808.914,3.65,306100.0061,10.459279,0.956183052,43011.2631,119,643801.0,46.227638,2.213749
France,2019,100.0,100.0,,,15.53,53.5,399.01,113.21,90.54302,42326.785,3.29,300519.989,12.384905,1.842971814,40578.64429,119,643801.0,46.227638,2.213749
Gabon,2014,86.96431,84.65,176.03,10000.0,81.3,1.13,0.0,0.79,41.145836,10845.483,7.42,5960.000038,,4.314964441,9663.42411,9,267667.0,-0.803689,11.609444
Gabon,2019,90.726295,87.8,153.22,,89.88,1.25,0.0,1.01,44.690266,7427.6616,5.99,5250.0,,3.920808795,7766.996554,9,267667.0,-0.803689,11.609444
Gambia,2014,52.933727,2.1,1.64,,53.17,0.26,0.0,0.0,0.0,1034.7433,3.34,,,,,239,11300.0,13.466666,-16.56666666
Gambia,2019,62.1,1.8,1.45,11870000.0,49.24,0.3,0.0,0.0,0.0,972.6679,2.97,,,,,239,11300.0,13.466666,-16.56666666
Georgia,2014,100.0,77.0,711.64,195990000.0,31.34,1.91,0.0,8.25,81.20079,17044.346,4.08,8470.000267,,4.431924823,4739.188338,57,69700.0,42.315407,43.356892
Georgia,2019,100.0,87.7,916.8,23940000.0,25.22,2.67,0.0,8.93,76.98276,19659.346,3.83,10109.99966,,4.982350475,4697.983652,57,69700.0,42.315407,43.356892
Germany,2014,100.0,100.0,,,14.02,360.28,97.13,162.54,41.88564,45327.562,3.13,736010.0098,13.278847,2.209543431,47959.99327,240,357022.0,51.165691,10.451526
Germany,2019,100.0,100.0,,,17.17,284.09,75.07,240.33,52.611385,44467.746,2.76,657400.0244,18.768305,1.055508247,46794.89929,240,357022.0,51.165691,10.451526
Ghana,2014,78.3,20.5,58.55,7190000.0,47.69,4.31,0.0,8.32,65.8749,2673.1282,2.97,15090.00015,,2.856240163,2012.264247,137,238533.0,7.946527,-1.023194
Ghana,2019,83.5,22.4,55.23,3360000.0,41.8,9.37,0.0,7.32,43.858597,3135.595,2.85,20040.00092,,6.507774794,2246.625578,137,238533.0,7.946527,-1.023194
Greece,2014,100.0,100.0,,,16.41,38.17,0.0,12.18,24.190666,28344.934,3.16,69550.00305,10.859847,0.475695947,21587.95755,81,131957.0,39.074208,21.824312
Greece,2019,100.0,100.0,,,18.51,32.48,0.0,16.1,33.14121,29966.309,2.9,60000.0,13.694194,1.803595256,19133.75776,81,131957.0,39.074208,21.824312
Grenada,2014,90.85538,91.5,7.14,110000.0,11.26,0.19,0.0,0.0,0.0,9650.67,2.36,250.0,,7.344076522,8370.040472,331,349.0,12.1165,-61.679
Grenada,2019,93.120964,89.6,29.95,,10.37,0.21,0.0,0.0,0.0,10655.754,2.68,330.0000131,,0.7355827,10827.43529,331,349.0,12.1165,-61.679
Guatemala,2014,85.49437,41.6,111.46,630000.0,66.36,3.83,0.0,6.86,64.17213,4562.1045,4.08,13949.99981,,4.443977583,3779.642336,167,108889.0,15.783471,-90.230759
Guatemala,2019,95.742004,48.6,163.26,56590000.0,62.92,5.51,0.0,8.3,60.101376,5851.735,4.24,19309.99947,,3.866856575,4638.634943,167,108889.0,15.783471,-90.230759
Guinea,2014,33.35312,0.9,11.8,60000.0,78.57,0.27,0.0,0.42,60.869564,990.09143,6.35,2240.00001,,3.696541843,787.2385644,53,245857.0,9.945587,-9.696645
Guinea,2019,42.2,1.6,29.88,819800000.0,65.44,0.75,0.0,1.31,63.592236,1201.7898,5.57,3950.000048,,5.646175568,1058.143368,53,245857.0,9.945587,-9.696645
Guinea-Bissau,2014,17.2,1.1,0.0,200000.0,87.28,0.03,0.0,0.0,0.0,907.5775,10.07,270.0000107,,0.964560751,623.3130914,70,36125.0,11.803749,-15.180413
Guinea-Bissau,2019,30.961557,1.0,0.61,230000.0,86.24,0.08,0.0,0.0,0.0,703.1273,8.59,330.0000131,,4.499999992,749.453747,70,36125.0,11.803749,-15.180413
Guyana,2014,86.9,70.9,71.69,20000.0,24.02,0.85,0.0,0.15,15.000001,11144.22,4.01,2059.999943,,1.686027732,5407.147366,4,214969.0,4.860416,-58.93018
Guyana,2019,91.91576,79.5,67.93,14630000.0,11.35,1.06,0.0,0.16,13.114754,14184.612,3.98,2849.999905,,5.352627426,6609.51128,4,214969.0,4.860416,-58.93018
Haiti,2014,39.49641,3.8,5.48,810000.0,77.77,0.89,0.0,0.09,9.183673,1142.4454,5.62,3019.999981,,1.722565602,1435.13647,414,27750.0,18.971187,-72.285215
Haiti,2019,45.990234,4.4,7.15,39510000.0,76.4,0.85,0.0,0.17,16.666666,1184.3462,5.8,3319.999933,,-1.684595081,1312.770636,414,27750.0,18.971187,-72.285215
Honduras,2014,88.65377,45.1,104.51,134590000.0,53.63,4.76,0.0,3.61,43.130226,4979.008,4.83,9460.000038,,3.058080562,2190.653139,89,112090.0,15.199999,-86.241905
Honduras,2019,91.1,48.1,178.88,960000.0,45.96,5.39,0.0,5.73,51.528778,5640.568,4.3,10220.00027,,2.653066255,2556.456891,89,112090.0,15.199999,-86.241905
Hungary,2014,100.0,100.0,,,15.72,10.54,15.65,3.16,64.088585,24145.828,3.83,40630.00107,4.012245,4.223725539,14298.83367,107,93028.0,47.162494,19.503304
Hungary,2019,100.0,100.0,,,13.64,13.2,16.29,4.7,61.392223,28131.205,3.51,46380.00107,4.9454613,4.554063072,16735.65978,107,93028.0,47.162494,19.503304
Iceland,2014,100.0,100.0,,,76.99,0.0,0.0,17.8,100.0,178940.12,14.89,2049.999952,82.747856,1.687215018,54576.74481,3,103000.0,64.963051,-19.020835
Iceland,2019,100.0,100.0,,,81.07,0.0,0.0,19.12,100.0,175527.73,12.27,1639.999986,80.09719,2.434823,68941.46223,3,103000.0,64.963051,-19.020835
India,2014,83.8725,44.8,55.41,699800000.0,33.85,1025.29,34.69,202.04,18.758022,5857.2837,5.08,2147110.107,7.344336,7.410227605,1573.885642,464,3287263.0,20.593684,78.96288
India,2019,97.308266,63.9,93.89,786330000.0,32.93,1273.59,45.16,303.16,21.475914,6731.805,4.28,2456300.049,8.849619,4.041554187,2100.751461,464,3287263.0,20.593684,78.96288
Indonesia,2014,97.01,62.8,32.99,881330000.0,28.32,203.11,,34.41,14.487201,7235.558,3.44,483910.0037,4.4786325,5.006668426,3491.637491,151,1904569.0,-0.789275,113.921327
Indonesia,2019,98.85,81.85,38.06,215790000.0,19.09,247.39,,48.04,16.261044,8474.4795,3.16,619840.0269,7.870309,5.018159715,4135.201531,151,1904569.0,-0.789275,113.921327
Iraq,2014,99.098434,97.7,55.27,20000.0,1.0,60.94,0.0,2.96,4.632238,12829.746,4.82,134039.9933,1.7387189,0.19701671,6637.684375,93,438317.0,33.223191,43.679291
Iraq,2019,99.992004,98.9,63.34,,0.43,83.85,0.0,5.34,5.987218,15430.376,5.57,174559.9976,2.2772882,5.957327503,5980.626918,93,438317.0,33.223191,43.679291
Ireland,2014,100.0,100.0,,,8.55,19.42,0.0,6.39,24.757847,35600.855,1.97,35529.99878,10.700231,8.713697808,55525.89725,73,84421.0,53.41291,-8.24389
Ireland,2019,100.0,100.0,,,12.34,18.92,0.0,11.8,38.41146,38270.875,1.32,35750.0,16.911177,4.917006978,80886.61574,73,84421.0,53.41291,-8.24389
Israel,2014,100.0,100.0,,,3.7,59.9,0.0,0.96,1.5773907,33226.094,2.82,64720.00122,1.0096922,4.124746861,37847.64994,400,20770.0,31.046051,34.851612
Israel,2019,100.0,100.0,,,4.47,68.82,0.0,2.9,4.0435023,35085.457,2.51,62650.00153,2.9192069,3.77358981,43951.24773,400,20770.0,31.046051,34.851612
Italy,2014,100.0,100.0,,,17.13,156.76,0.0,120.68,43.497692,29214.832,2.53,327500.0,19.739761,-0.004547542,35518.41529,206,301340.0,41.87194,12.56738
Italy,2019,100.0,100.0,,,17.27,175.52,0.0,115.83,39.756306,30464.062,2.45,317239.9902,17.93995,0.410278294,33641.63375,206,301340.0,41.87194,12.56738
Jamaica,2014,93.3,85.85,36.56,57810000.0,11.88,3.45,0.0,0.46,11.764706,12533.961,3.89,7190.000057,,0.689822357,4834.284009,273,10991.0,18.109581,-77.297508
Jamaica,2019,99.36762,83.4,86.03,180000.0,9.09,3.6,0.0,0.65,15.294118,15387.241,4.45,8390.000343,,0.892291654,5369.498371,273,10991.0,18.109581,-77.297508
Japan,2014,100.0,100.0,,,5.58,892.18,0.0,136.53,13.271962,42146.168,3.69,1217119.995,6.9359174,0.296205514,38475.39525,347,377944.0,36.204824,138.252924
Japan,2019,100.0,100.0,,,7.69,735.66,63.88,192.72,25.860157,40868.688,3.33,1081569.946,9.565927,0.270304645,40777.6087,347,377944.0,36.204824,138.252924
Jordan,2014,99.7485,99.9,1.92,156210000.0,3.1,17.1,0.0,0.08,0.46565774,11669.372,3.73,25549.99924,,3.384078099,4131.44735,115,89342.0,30.585164,36.238414
Jordan,2019,100.0,99.9,148.48,73760000.0,8.17,16.41,0.0,3.02,15.542974,11258.242,3.8,24629.99916,,1.955466358,4405.487109,115,89342.0,30.585164,36.238414
Kazakhstan,2014,100.0,92.9,162.11,37380000.0,1.34,86.37,,8.27,8.738378,43947.973,6.48,209229.9957,2.982452,4.200000001,12807.26069,7,2724900.0,48.019573,66.923684
Kazakhstan,2019,100.0,92.8,227.14,279670000.0,1.7,95.39,,11.09,10.415101,43404.29,6.27,212110.0006,3.468928,4.5,9812.595808,7,2724900.0,48.019573,66.923684
Kenya,2014,36.0,10.6,27.38,719120000.0,74.95,1.67,0.0,6.7,80.04779,1655.0222,5.78,15149.99962,,5.020111002,1462.220052,94,580367.0,-0.023559,37.906193
Kenya,2019,69.7,17.7,41.67,165780000.0,68.08,1.25,0.0,10.24,89.12098,1946.3412,5.31,22280.00069,,4.981132628,1912.647867,94,580367.0,-0.023559,37.906193
Kiribati,2014,83.45395,5.2,6.88,4340000.0,46.41,0.02,0.0,0.0,0.0,2120.318,6.13,59.99999866,,-0.697737743,1642.820129,147,811.0,1.8368976,-157.3768317
Kiribati,2019,90.03285,9.1,24.33,,41.03,0.03,0.0,0.0,0.0,2592.4326,5.93,90.00000358,,3.926445438,1601.861869,147,811.0,1.8368976,-157.3768317
Kuwait,2014,100.0,100.0,1.21,,0.0,61.23,0.0,0.01,0.016329195,114804.984,5.68,85569.99969,0.002035834,0.500876982,44062.34091,240,17818.0,29.31166,47.481766
Kuwait,2019,100.0,100.0,25.14,,0.06,70.45,0.0,0.06,0.08509431,94612.555,7.4,92650.00153,0.034184188,0.42746394,32373.25112,240,17818.0,29.31166,47.481766
Kyrgyzstan,2014,99.8,76.0,628.09,,26.6,1.2,0.0,13.16,91.643456,12576.968,6.21,,,,,34,199951.0,41.20438,74.766098
Kyrgyzstan,2019,99.87424,76.6,572.5,86210000.0,27.88,1.13,0.0,13.71,92.385445,10582.124,4.96,,,,,34,199951.0,41.20438,74.766098
Latvia,2014,100.0,100.0,,,40.24,2.34,0.0,2.8,54.47471,20261.896,3.59,7280.00021,19.171963,1.900096243,15721.45233,30,64589.0,56.879635,24.603189
Latvia,2019,100.0,100.0,,,41.52,3.25,0.0,3.19,49.53416,23394.7,3.18,7570.000172,19.92988,2.484326355,17926.84159,30,64589.0,56.879635,24.603189
Lebanon,2014,99.48232,,46.6,2330000.0,4.24,16.7,0.0,0.22,1.3002363,14662.743,2.98,25149.99962,,2.453659572,7687.759336,667,10400.0,33.854721,35.862285
Lebanon,2019,99.97487,,50.13,320000.0,5.46,19.24,0.0,1.12,5.5009823,18447.385,3.62,27950.00076,,-7.15724707,7578.172368,667,10400.0,33.854721,35.862285
Lesotho,2014,27.8,35.8,36.76,9270000.0,42.39,0.0,0.0,0.52,100.0,2074.0635,9.15,610.0000143,,1.710544004,1194.575627,71,30355.0,-29.609988,28.233608
Lesotho,2019,44.50021,39.3,35.34,13520000.0,39.47,0.0,0.0,0.5,100.0,2188.859,8.14,769.9999809,,-0.381431982,1113.37214,71,30355.0,-29.609988,28.233608
Liberia,2014,9.4,0.4,0.93,190000.0,84.02,0.28,0.0,0.0,0.0,1071.9282,12.61,1220.000029,,0.7013931,739.911935,53,111369.0,6.428055,-9.429499
Liberia,2019,23.1,0.4,19.16,37570000.0,87.24,0.31,0.0,0.0,0.0,1100.8312,14.33,1179.999948,,-2.467297635,672.3404992,53,111369.0,6.428055,-9.429499
Libya,2014,75.0388,,0.77,,2.41,35.46,0.0,0.01,0.028192839,37137.06,10.48,58000.0,,-24.00000003,6466.908237,4,1759540.0,26.3351,17.228331
Libya,2019,68.6424,,0.75,,2.8,31.68,0.0,0.01,0.031555694,32421.873,8.9,56799.99924,,2.535953478,7685.948132,4,1759540.0,26.3351,17.228331
Lithuania,2014,100.0,100.0,,,27.73,1.95,0.0,1.51,43.641617,20422.297,3.34,10859.99966,7.0076375,3.537009879,16551.0182,43,65300.0,55.169438,23.881275
Lithuania,2019,100.0,100.0,,,33.53,0.67,0.0,2.47,78.662415,24873.117,3.08,11729.99954,9.697966,4.573771737,19575.76848,43,65300.0,55.169438,23.881275
Luxembourg,2014,100.0,100.0,,,6.85,1.51,0.0,0.4,20.94241,79619.14,2.66,9649.999619,2.5587912,2.623086016,123514.1967,242,2586.0,49.815273,6.129583
Luxembourg,2019,100.0,100.0,,,16.45,0.27,0.0,0.8,74.76635,76273.7,2.34,9489.999771,4.7653427,3.283806756,113218.7133,242,2586.0,49.815273,6.129583
Madagascar,2014,22.235073,0.9,7.21,14120000.0,80.12,1.08,0.0,0.89,45.177666,635.02496,6.65,3009.99999,,3.339203113,530.8610389,48,587041.0,-18.766947,46.869107
Madagascar,2019,31.04,0.9,7.31,43730000.0,82.77,1.1,0.0,0.91,45.273632,678.70404,8.56,4119.999886,,4.41123213,522.9895243,48,587041.0,-18.766947,46.869107
Malawi,2014,11.9,2.2,22.77,1930000.0,82.7,0.13,0.0,2.08,94.117645,605.3154,3.38,850.0000238,,5.700000004,371.2695217,203,118484.0,-13.254308,34.301525
Malawi,2019,11.2,1.2,21.94,101610000.0,73.02,0.2,0.0,1.5,88.23529,537.8198,3.18,1450.000048,,5.448181336,591.8463896,203,118484.0,-13.254308,34.301525
Malaysia,2014,99.65094,97.1,212.85,160000.0,3.03,133.16,,14.31,9.703669,35862.223,5.18,236649.9939,3.5630174,6.006721946,11319.06194,99,329847.0,4.210484,101.975766
Malaysia,2019,100.0,95.8,251.85,20000.0,5.11,149.7,,28.76,16.115656,37823.5,4.25,253270.0043,6.1784086,4.439471288,11432.823,99,329847.0,4.210484,101.975766
Maldives,2014,100.0,97.3,12.72,42590000.0,1.2,0.5,0.0,0.01,1.9607843,21157.406,2.47,1370.000005,,7.329626203,8499.307148,1802,298.0,3.202778,73.22068
Maldives,2019,100.0,99.0,27.89,4020000.0,1.11,0.61,0.0,0.03,4.6875,18567.896,2.69,2109.999895,,6.883688846,10561.61351,1802,298.0,3.202778,73.22068
Mali,2014,34.11334,0.9,21.93,99900000.0,80.93,0.85,0.0,1.51,63.983055,899.23505,5.44,3380.000114,,7.084683881,848.279043,17,1240192.0,17.570692,-3.996166
Mali,2019,47.836277,0.9,19.06,44950000.0,76.64,2.15,0.0,1.17,35.240963,1231.7151,4.59,5829.999924,,4.756160808,879.0431873,17,1240192.0,17.570692,-3.996166
Malta,2014,100.0,100.0,,,4.48,2.17,0.0,0.08,3.5555556,59933.56,2.01,2359.999895,,7.633538112,26754.26845,1380,316.0,35.937496,14.375416
Malta,2019,100.0,100.0,,,7.7,1.86,0.0,0.21,10.144928,80081.51,1.37,1659.999967,,5.539566337,30186.19596,1380,316.0,35.937496,14.375416
Mauritania,2014,38.8,43.1,5.74,6040000.0,30.92,0.76,0.0,0.22,22.448978,2994.4866,2.75,2900.000095,,4.274823271,1677.109019,5,1030700.0,21.00789,-10.940835
Mauritania,2019,45.830032,43.0,26.94,1000000.0,24.7,1.36,0.0,0.46,25.274725,4149.229,3.24,3950.000048,,5.75993059,1743.302901,5,1030700.0,21.00789,-10.940835
Mauritius,2014,99.38037,97.25,133.0,52610000.0,10.59,2.38,0.0,0.42,15.0,17609.402,2.4,3950.000048,,3.744575777,10153.93822,626,2040.0,-20.348404,57.552152
Mauritius,2019,100.0,96.9,198.49,,8.94,2.5,0.0,0.59,19.093851,22800.158,2.13,4170.000076,,3.012375903,11097.16898,626,2040.0,-20.348404,57.552152
Mexico,2014,99.17293,84.6,137.66,387450000.0,9.76,223.43,9.3,57.46,23.005617,18757.031,3.47,462239.9902,6.727102,2.849773255,10928.91601,66,1964375.0,23.634501,-102.552784
Mexico,2019,99.6,84.9,201.04,338650000.0,10.34,248.2,10.88,59.0,21.969315,17903.295,3.06,449269.989,7.0507708,-0.176599456,9950.45008,66,1964375.0,23.634501,-102.552784
Mongolia,2014,87.07883,42.6,28.79,10000.0,3.34,4.86,0.0,0.21,4.1420116,19699.537,6.86,18120.00084,,7.885225482,4158.521471,2,1564116.0,46.862496,103.846656
Mongolia,2019,97.22991,50.1,85.64,10600000.0,3.32,5.88,0.0,0.65,9.954058,24279.39,7.01,23069.99969,,5.602244219,4404.84583,2,1564116.0,46.862496,103.846656
Montenegro,2014,97.7,61.45,,,45.95,1.42,0.0,1.75,55.205048,20434.42,3.64,2220.000029,,1.783698581,7378.345289,47,13812.0,42.708678,19.37439
Montenegro,2019,100.0,62.0,,,38.74,1.5,0.0,1.93,56.26822,20460.55,3.4,2599.999905,,4.062944992,8910.650834,47,13812.0,42.708678,19.37439
Morocco,2014,91.6,97.4,62.68,1433570000.0,11.14,24.13,0.0,3.61,13.013699,6336.756,3.32,58689.99863,4.4587364,2.669493927,3171.699192,83,446550.0,31.791702,-7.09262
Morocco,2019,99.6,98.0,89.71,413480000.0,10.69,32.38,0.0,7.6,19.009504,7267.464,3.34,71480.00336,7.547047,2.607935495,3235.00066,83,446550.0,31.791702,-7.09262
Mozambique,2014,24.8,3.7,83.98,9310000.0,81.92,1.19,0.0,16.38,93.22709,2987.1777,13.4,4860.000134,,7.398512797,673.969212,40,799380.0,-18.665695,35.529562
Mozambique,2019,29.67445,4.8,76.16,188450000.0,78.08,3.65,0.0,15.06,80.49172,2446.9106,11.93,7500.0,,2.31460601,506.6416391,40,799380.0,-18.665695,35.529562
Myanmar,2014,52.0,17.5,58.21,10630000.0,72.43,4.99,0.0,8.99,64.30615,2368.4949,3.53,17040.00092,,8.19966375,1210.097636,83,676578.0,21.916221,95.955974
Myanmar,2019,68.35853,28.9,63.87,41330000.0,57.85,12.78,0.0,10.95,46.144123,3197.22,3.58,36720.00122,,6.750460146,1271.111575,83,676578.0,21.916221,95.955974
Namibia,2014,48.728516,43.6,152.6,70000.0,30.09,0.02,0.0,1.5,98.68421,9735.818,3.32,3950.000048,,6.09251916,5469.9014,3,824292.0,-22.95764,18.49041
Namibia,2019,55.17709,46.5,199.41,20000.0,30.69,0.04,0.0,1.32,97.05882,9254.443,3.52,4219.99979,,-0.88809916,5009.685904,3,824292.0,-22.95764,18.49041
Nauru,2014,99.33779,100.0,20.41,10000.0,0.05,0.02,0.0,0.0,0.0,28475.137,5.13,50.00000075,,26.5625,10171.48073,541,21.0,-0.522778,166.931503
Nauru,2019,100.0,100.0,180.88,,0.61,0.03,0.0,0.0,0.0,22405.49,5.06,59.99999866,,0.0,11029.73558,541,21.0,-0.522778,166.931503
Nepal,2014,84.9,27.6,28.66,386670000.0,84.06,0.0,0.0,3.78,100.0,1099.4447,5.72,7130.000114,,6.011482843,844.8531248,203,147181.0,28.394857,84.124008
Nepal,2019,89.9,33.6,43.08,332730000.0,77.39,0.0,0.0,6.26,100.0,1700.5831,5.23,13449.99981,,6.657055428,1194.956876,203,147181.0,28.394857,84.124008
Netherlands,2014,100.0,100.0,,,5.53,87.48,4.09,11.65,15.248982,59946.082,3.38,149789.9933,3.9784324,1.423395395,52830.17423,508,41543.0,52.132633,5.291266
Netherlands,2019,100.0,100.0,,,8.54,94.09,3.91,22.79,22.104479,58836.934,3.05,146339.9963,7.3029876,1.955588416,52476.27325,508,41543.0,52.132633,5.291266
New Caledonia,2014,100.0,,446.46,,4.29,2.5,0.0,0.35,12.280703,68428.61,,4888.111,,,39675.56631,16,19060.0,-20.904305,165.618042
New Caledonia,2019,100.0,,629.12,,5.4,2.6,0.0,0.54,17.197453,79064.88,,,,,34788.52928,16,19060.0,-20.904305,165.618042
New Zealand,2014,100.0,100.0,,,31.09,8.66,0.0,34.0,79.69995,55530.688,4.61,31969.99931,37.536892,3.813831016,44572.89875,18,268838.0,-40.900557,174.885971
New Zealand,2019,100.0,100.0,,,29.65,7.84,0.0,35.97,82.10454,53259.336,4.02,34009.99832,36.76238,1.633932613,42755.21626,18,268838.0,-40.900557,174.885971
Nicaragua,2014,81.85307,49.3,97.01,51690000.0,53.02,2.07,0.0,2.28,52.413795,4173.7993,4.46,4760.000229,,4.785847059,1934.062922,55,130370.0,12.865416,-85.207229
Nicaragua,2019,88.05833,55.1,111.74,7660000.0,50.71,2.17,0.0,2.31,51.5625,4225.4365,4.68,5239.999771,,-3.674794578,1926.699694,55,130370.0,12.865416,-85.207229
Niger,2014,15.770542,1.6,0.31,40990000.0,78.08,0.41,0.0,0.01,2.3809524,506.64435,5.63,2150.000095,,6.642136654,564.5967488,19,1267000.0,17.607789,8.081666
Niger,2019,18.974571,2.3,1.16,108900000.0,80.83,0.56,0.0,0.05,8.196721,468.4848,4.99,2150.000095,,5.941396863,554.0993893,19,1267000.0,17.607789,8.081666
Nigeria,2014,54.04823,4.2,12.1,24780000.0,80.64,25.26,0.0,5.34,17.45098,2707.8645,6.3,114830.0018,,6.309718656,3098.985791,226,923768.0,9.081999,8.675277
Nigeria,2019,55.4,12.9,10.69,1172580000.0,81.4,23.16,0.0,8.49,26.824644,2482.8318,6.39,115279.9988,,2.208429277,2229.858652,226,923768.0,9.081999,8.675277
North Macedonia,2014,100.0,72.3,,,21.19,4.09,0.0,1.29,23.977695,13282.878,3.74,7699.999809,12.513251,3.629123513,5495.735049,83,25713.0,41.608635,21.745275
North Macedonia,2019,100.0,77.3,,,16.32,4.53,0.0,1.34,22.82794,14689.626,3.39,8300.000191,11.504865,3.910419538,6070.388054,83,25713.0,41.608635,21.745275
Norway,2014,100.0,100.0,,,56.9,3.0,0.0,137.94,97.87143,105633.75,3.77,39110.00061,68.88728,1.969544301,97019.18275,15,323802.0,60.472024,8.468946
Norway,2019,100.0,100.0,,,62.37,2.76,0.0,131.07,97.93769,96392.5,3.33,35950.00076,67.08509,0.745798219,75719.7529,15,323802.0,60.472024,8.468946
Oman,2014,100.0,100.0,0.17,,0.0,27.38,0.0,0.0,0.0,78766.81,8.28,66389.99939,0.001023664,1.292252294,23017.93398,16,309500.0,21.4735329,55.975413
Oman,2019,100.0,100.0,11.81,,0.0,36.03,0.0,0.02,0.055478502,81070.86,7.23,76029.99878,0.017586906,-1.129206457,17700.70349,16,309500.0,21.4735329,55.975413
Pakistan,2014,71.22474,41.0,40.52,552100000.0,47.22,68.28,4.58,34.48,36.38905,3725.9507,4.79,154240.0055,11.496394,4.674707981,1251.175719,287,796095.0,30.375321,69.345116
Pakistan,2019,74.12769,47.8,56.71,302840000.0,43.36,86.44,9.07,40.52,36.455193,4400.1157,4.59,190570.0073,11.015738,1.144749605,1288.556325,287,796095.0,30.375321,69.345116
Panama,2014,91.43664,87.6,439.55,156490000.0,19.78,3.16,0.0,5.19,62.155685,26454.377,1.58,10760.00023,,5.06661313,12796.07403,58,75420.0,8.537981,-80.782127
Panama,2019,95.81633,87.6,540.69,90010000.0,18.91,4.15,0.0,6.24,60.057747,27875.5,1.54,13340.00015,,2.979715461,15774.25494,58,75420.0,8.537981,-80.782127
Papua New Guinea,2014,40.05049,8.5,39.57,0.0,56.82,2.53,0.0,1.49,37.06468,2816.4016,5.59,5889.999866,,13.54377062,2920.782986,20,462840.0,-6.314993,143.95555
Papua New Guinea,2019,59.662975,9.1,37.99,120000.0,53.09,3.16,0.0,1.28,28.828829,3159.5166,5.28,7579.999924,,4.480430608,2820.306397,20,462840.0,-6.314993,143.95555
Paraguay,2014,99.00072,64.3,1340.93,,62.54,0.04,0.0,54.83,99.9271,21944.45,2.84,5630.000114,,5.301238592,6118.31811,18,406752.0,-23.442503,-58.443832
Paraguay,2019,99.7,68.0,1253.75,1160000.0,60.09,0.07,0.0,48.99,99.857315,19903.92,3.39,8210.000038,,-0.401855101,5380.963322,18,406752.0,-23.442503,-58.443832
Peru,2014,92.91999,73.7,136.2,279440000.0,28.56,20.41,0.0,23.06,53.048077,8856.475,2.57,53169.99817,23.94071,2.382157372,6672.877373,26,1285216.0,-9.189967,-75.015152
Peru,2019,95.55136,83.25,203.26,1090000.0,27.12,22.16,0.0,34.41,60.827293,9949.632,2.6,56750.0,26.621336,2.203974749,7027.612207,26,1285216.0,-9.189967,-75.015152
Philippines,2014,89.72037,42.0,52.54,9290000.0,32.33,57.07,0.0,20.18,26.122978,4002.7449,2.9,101819.9997,13.009114,6.347987483,2959.645435,368,300000.0,12.879721,121.774017
Philippines,2019,95.64508,46.5,62.55,2000000.0,26.73,83.3,0.0,22.78,21.47436,5104.391,2.68,145419.9982,10.227248,6.118525663,3485.340844,368,300000.0,12.879721,121.774017
Poland,2014,100.0,100.0,,,11.58,138.53,0.0,19.85,12.533148,28535.256,3.89,285730.011,6.055967,3.378581715,14271.30585,124,312685.0,51.919438,19.145136
Poland,2019,100.0,100.0,,,12.18,137.58,0.0,25.46,15.615801,30777.799,3.42,295130.0049,6.989287,4.744950156,15732.20313,124,312685.0,51.919438,19.145136
Portugal,2014,100.0,100.0,,,30.46,20.39,0.0,31.57,60.758278,28600.113,2.8,45930.00031,30.292532,0.792190302,22074.30076,111,92212.0,39.399872,-8.224454
Portugal,2019,100.0,100.0,,,28.19,24.32,0.0,27.41,52.986664,28468.56,2.54,44639.99939,26.401812,2.682759921,23330.81729,111,92212.0,39.399872,-8.224454
Puerto Rico,2014,100.0,,85.72,,1.65,20.07,0.0,0.35,1.7140058,26354.953,0.49,,,-1.190363454,28981.45733,368,9104.0,18.25,-66.5
Puerto Rico,2019,100.0,,126.27,,2.42,16.8,0.0,0.46,2.6651216,24532.93,0.63,,,1.484814635,32850.54861,368,9104.0,18.25,-66.5
Qatar,2014,100.0,100.0,17.07,,0.05,36.46,0.0,0.02,0.05482456,234538.38,6.6,81660.00366,0.07397567,5.334323292,83858.34046,248,11586.0,25.354826,51.183884
Qatar,2019,100.0,100.0,15.22,,0.04,46.98,0.0,0.03,0.06381621,208021.3,6.79,91970.00122,0.06641917,0.68824096,62276.42869,248,11586.0,25.354826,51.183884
Romania,2014,100.0,85.8,,,24.31,26.39,11.68,27.12,59.51833,19029.295,2.86,71540.00092,17.897146,3.608723653,10043.67745,84,238391.0,45.943161,24.96676
Romania,2019,100.0,87.7,,,23.54,23.27,11.28,24.63,60.679283,19839.047,2.38,73949.99695,16.837948,4.188260341,12899.34611,84,238391.0,45.943161,24.96676
Rwanda,2014,19.8,0.5,6.96,48480000.0,87.95,0.26,0.0,0.21,44.68085,403.42975,4.87,860.0000143,,6.167166701,743.559038,525,26338.0,-1.940278,29.873888
Rwanda,2019,40.368607,1.9,11.2,1560000.0,77.86,0.55,0.0,0.47,46.078434,525.5729,3.94,1330.000043,,9.460682482,820.1492886,525,26338.0,-1.940278,29.873888
Saint Kitts and Nevis,2014,100.0,100.0,71.69,,1.63,0.2,0.0,0.01,4.7619047,21838.453,2.53,,,,,205,261.0,17.357822,-62.782998
Saint Kitts and Nevis,2019,100.0,100.0,78.36,,1.58,0.21,0.0,0.01,4.5454545,23235.219,2.58,,,,,205,261.0,17.357822,-62.782998
Saint Lucia,2014,96.43764,95.5,0.56,930000.0,11.72,0.36,0.0,0.0,0.0,10461.293,3.03,,,,,301,616.0,13.909444,-60.978893
Saint Lucia,2019,99.50218,94.4,20.98,,9.75,0.35,0.0,0.0,0.0,15259.877,2.84,,,,,301,616.0,13.909444,-60.978893
Saint Vincent and the Grenadines,2014,98.240425,95.35,55.76,20000.0,3.32,0.12,0.0,0.01,7.692308,9080.616,2.95,,,,,284,389.0,12.984305,-61.287228
Saint Vincent and the Grenadines,2019,100.0,94.5,67.91,,5.68,0.12,0.0,0.02,14.285714,8642.675,2.48,,,,,284,389.0,12.984305,-61.287228
Samoa,2014,97.9,30.4,65.1,32460000.0,41.24,0.09,0.0,0.03,25.0,6062.045,4.11,209.9999934,,0.052170614,3937.186246,70,2831.0,-13.759029,-172.104629
Samoa,2019,99.2,35.3,142.74,,34.21,0.09,0.0,0.06,40.0,7697.959,4.44,300.0000119,,4.379825545,4322.868457,70,2831.0,-13.759029,-172.104629
Sao Tome and Principe,2014,68.6,1.9,12.35,120000.0,39.63,0.07,0.0,0.01,12.5,3116.3354,3.6,119.9999973,,6.549934955,1770.467688,242,836.0,0.3301924,6.733343
Sao Tome and Principe,2019,74.9672,3.0,12.34,,37.09,0.08,0.0,0.01,11.111111,3418.4949,3.47,150.000006,,2.210855833,1987.579702,242,836.0,0.3301924,6.733343
Saudi Arabia,2014,100.0,100.0,0.79,,0.01,311.81,,0.05,0.016032835,91258.06,5.81,540520.0195,0.004248494,3.652481698,24464.21256,16,2149690.0,23.885942,45.079162
Saudi Arabia,2019,100.0,100.0,12.04,,0.03,335.24,,0.21,0.062602475,82989.266,5.58,523780.0293,0.018180711,0.331435729,23139.79798,16,2149690.0,23.885942,45.079162
Senegal,2014,61.0,28.4,2.4,120000.0,42.53,3.15,0.0,0.49,13.461538,2286.8188,4.15,8569.999695,,6.224074438,1396.657339,87,196722.0,14.497401,-14.452362
Senegal,2019,70.4,24.7,15.1,68930000.0,37.2,4.45,0.0,0.72,13.926498,2753.3909,3.67,10619.99989,,4.402406836,1430.148259,87,196722.0,14.497401,-14.452362
Serbia,2014,99.6608,71.6,,,23.25,22.41,0.0,11.03,32.98445,22474.787,5.12,38959.99908,,-1.58951032,6600.056809,100,77474.0,44.016521,21.005859
Serbia,2019,99.8,78.6,,,21.53,26.35,0.0,10.51,28.513292,26602.787,5.04,45950.00076,,4.331734906,7417.203649,100,77474.0,44.016521,21.005859
Seychelles,2014,100.0,100.0,73.86,80000.0,1.37,0.41,0.0,0.01,2.3809524,44650.082,2.8,469.9999988,,4.504785244,14700.33434,214,455.0,-4.679574,55.491977
Seychelles,2019,100.0,100.0,99.22,,1.47,0.49,0.0,0.04,7.54717,45777.125,3.08,610.0000143,,1.191005738,16213.48076,214,455.0,-4.679574,55.491977
Sierra Leone,2014,18.66603,0.5,12.89,8400000.0,73.88,0.04,0.0,0.15,78.94737,743.0,4.92,1149.999976,,4.556772366,714.6997957,111,71740.0,8.460555,-11.779889
Sierra Leone,2019,22.7,0.7,12.68,170000.0,75.44,0.02,0.0,0.19,90.4762,513.0044,5.4,899.9999762,,5.254241203,521.7548367,111,71740.0,8.460555,-11.779889
Singapore,2014,100.0,100.0,37.77,,0.59,46.68,0.0,0.28,0.59625214,148692.52,2.52,44400.00153,0.2785132,3.938002729,57562.53079,8358,716.0,1.352083,103.819836
Singapore,2019,100.0,100.0,84.47,,0.84,50.96,0.0,0.78,1.5075376,158657.89,2.57,47380.00107,0.2995429,1.345217486,65640.70795,8358,716.0,1.352083,103.819836
Slovakia,2014,100.0,100.0,,,12.24,5.3,15.5,6.24,80.39941,33419.594,4.5,,9.855442,,,114,49035.0,48.669026,19.699024
Slovakia,2019,100.0,100.0,,,17.64,6.26,15.28,6.65,77.79354,33892.78,4.11,,9.983878,,,114,49035.0,48.669026,19.699024
Slovenia,2014,100.0,100.0,,,22.91,4.18,6.37,6.6,75.62682,39987.75,4.09,13109.99966,21.739605,2.768158831,24214.92207,103,20273.0,46.151241,14.995463
Slovenia,2019,100.0,100.0,,,20.86,5.03,5.82,5.04,68.34487,37905.92,3.5,13600.00038,16.78137,3.250531336,25942.95477,103,20273.0,46.151241,14.995463
Solomon Islands,2014,50.30676,8.4,3.53,13060000.0,45.89,0.09,0.0,0.0,0.0,2543.9602,5.37,340.0000036,,1.051262599,2274.887866,25,28896.0,-9.64571,160.156194
Solomon Islands,2019,69.80942,9.2,5.42,46400000.0,48.39,0.1,0.0,0.0,0.0,2027.3756,4.27,360.0000143,,1.204049986,2344.048976,25,28896.0,-9.64571,160.156194
Somalia,2014,51.293636,1.8,0.17,,94.64,0.33,0.0,0.0,0.0,256.69754,11.74,649.9999762,,7.507100039,374.1147807,25,637657.0,5.152149,46.199616
Somalia,2019,49.2,2.9,0.69,21490000.0,95.03,0.33,0.0,0.02,5.714286,227.57283,11.64,689.9999976,,8.081440022,419.3948077,25,637657.0,5.152149,46.199616
South Africa,2014,85.9,82.65,49.69,202270000.0,9.85,218.42,14.76,3.38,7.668245,26411.893,8.2,447929.9927,0.81809825,1.413826452,6988.808739,49,1219090.0,-30.559482,22.937506
South Africa,2019,85.0,86.3,136.8,164100000.0,10.5,208.39,13.6,12.57,11.15706,25511.209,8.03,439640.0146,2.6449363,0.113053697,6624.761865,49,1219090.0,-30.559482,22.937506
South Sudan,2014,4.0971837,0.0,0.01,,29.85,0.46,0.0,0.0,0.0,582.4618,1.2983489,1529.999971,,3.373648477,1322.820364,18,644329.0,6.8769919,31.3069788
South Sudan,2019,6.707007,0.0,0.06,100000.0,26.65,0.55,0.0,0.01,1.7857143,747.48596,,1700.000048,,,,18,644329.0,6.8769919,31.3069788
Spain,2014,100.0,100.0,,,17.41,107.37,57.31,110.26,60.94784,33478.24,2.86,240960.0067,20.088554,1.383907943,29461.55033,94,505370.0,40.463667,-3.74922
Spain,2019,100.0,100.0,,,17.27,111.55,58.35,100.99,58.82092,33764.863,2.64,239979.9957,17.37585,2.085191421,29555.3157,94,505370.0,40.463667,-3.74922
Sri Lanka,2014,92.660515,24.8,88.37,119750000.0,57.31,7.1,0.0,4.87,40.685043,4007.7144,1.93,17600.00038,15.6329,4.960700592,3819.25353,341,65610.0,7.873054,80.771797
Sri Lanka,2019,99.75857,30.6,103.77,170000.0,49.91,10.18,0.0,5.71,35.934547,4973.5986,1.78,23780.00069,14.141156,2.255176529,3852.265603,341,65610.0,7.873054,80.771797
Sudan,2014,44.9,43.3,47.4,400000.0,64.91,2.23,0.0,9.04,80.21295,2378.8403,4.87,16120.00084,,4.661379542,1303.838955,25,1861484.0,12.862807,30.217636
Sudan,2019,53.96254,53.6,49.61,207170000.0,62.23,5.98,0.0,10.33,63.33538,2459.3628,4.62,20620.00084,,-2.178251045,610.9278615,25,1861484.0,12.862807,30.217636
Suriname,2014,94.33763,90.6,336.53,0.0,12.85,1.37,0.0,0.55,28.645834,20081.727,3.85,2619.999886,,0.255503032,9471.922001,4,163820.0,3.919305,-56.027783
Suriname,2019,97.82542,93.9,327.6,22500000.0,14.4,0.99,0.0,0.96,49.230766,21629.324,3.97,2650.000095,,1.098467778,6853.693411,4,163820.0,3.919305,-56.027783
Sweden,2014,100.0,100.0,,,48.61,2.93,64.88,85.74,98.09183,62421.89,4.25,39080.00183,40.648502,2.657798275,60020.36046,25,450295.0,60.128161,18.643501
Sweden,2019,100.0,100.0,,,52.88,3.35,66.13,98.94,98.010925,63283.47,3.8,35000.0,43.813766,1.986195874,51939.42974,25,450295.0,60.128161,18.643501
Switzerland,2014,100.0,100.0,,,22.2,3.37,26.37,36.2,94.88929,41980.58,1.87,39790.00092,32.27639,2.446845157,89684.70758,219,41277.0,46.818188,8.227512
Switzerland,2019,100.0,100.0,,,24.76,3.58,25.28,37.64,94.61654,39156.45,1.68,37380.00107,33.137398,1.210992207,85334.51946,219,41277.0,46.818188,8.227512
Tajikistan,2014,98.96462,76.5,610.05,420000.0,45.89,0.15,0.0,15.84,99.06191,7586.009,4.47,4579.999924,,6.70000069,1104.172358,68,144100.0,38.861034,71.276093
Tajikistan,2019,99.63321,81.6,565.76,,38.56,1.42,0.0,19.17,93.10345,8041.5947,4.84,9420.000076,,7.399999638,890.5444024,68,144100.0,38.861034,71.276093
Thailand,2014,99.461945,77.9,108.21,4370000.0,24.41,149.26,0.0,13.68,8.395728,19310.582,5.2,256799.9878,4.2589955,0.984468864,5951.883487,137,513120.0,15.870032,100.992541
Thailand,2019,99.9,82.7,170.3,99160000.0,23.96,162.59,0.0,28.02,14.700173,20792.385,4.52,267089.9963,6.9562197,2.266433672,7817.009671,137,513120.0,15.870032,100.992541
Togo,2014,45.7,6.0,9.45,9160000.0,81.44,0.08,0.0,0.12,60.0,1142.6974,9.96,1590.000033,,5.920588573,640.9342196,152,56785.0,8.619543,0.824782
Togo,2019,52.36311,9.25,8.92,1150000.0,76.21,0.45,0.0,0.25,35.714287,1304.0579,8.02,2369.999886,,5.459921448,893.3524541,152,56785.0,8.619543,0.824782
Tonga,2014,95.7897,69.5,16.48,2510000.0,1.7,0.05,0.0,0.0,0.0,5144.9155,2.68,109.9999994,,2.01870046,4354.24436,147,747.0,-21.178986,-175.198242
Tonga,2019,98.4,82.1,74.17,2450000.0,1.77,0.06,0.0,0.01,14.285714,6863.2144,3.42,159.9999964,,0.734030017,4903.012138,147,747.0,-21.178986,-175.198242
Trinidad and Tobago,2014,100.0,100.0,2.31,,0.35,8.85,0.0,0.0,0.0,157936.94,20.98,22040.00092,0.005310354,-0.912544969,20270.93377,273,5128.0,10.691803,-61.222503
Trinidad and Tobago,2019,100.0,100.0,2.16,,0.43,8.63,0.0,0.01,0.11574074,123712.94,19.9,17190.00053,0.006373613,-1.246427336,16637.16294,273,5128.0,10.691803,-61.222503
Tunisia,2014,99.8,99.7,28.21,,12.86,17.27,0.0,0.59,3.303471,9507.342,3.82,29950.00076,,2.706608566,4544.016632,76,163610.0,33.886917,9.537499
Tunisia,2019,100.0,99.8,33.01,80070000.0,12.2,19.73,0.0,0.82,3.9902678,10128.142,3.75,29909.99985,,1.401976676,3574.654024,76,163610.0,33.886917,9.537499
Turkey,2014,100.0,94.8,361.78,515970000.0,11.51,199.0,0.0,52.62,20.912487,18718.594,2.59,,9.769227,4.939715161,12157.99043,110,783562.0,38.963745,35.243322
Turkey,2019,100.0,95.2,534.43,360120000.0,14.12,170.53,0.0,132.26,43.680435,21973.062,2.61,,19.254936,0.889585161,9121.515167,110,783562.0,38.963745,35.243322
Turkmenistan,2014,99.935104,99.9,0.22,50000.0,0.05,19.18,0.0,0.0,0.0,49096.004,16.5,71400.00153,0.006114262,10.29999997,7962.244925,13,488100.0,38.969719,59.556278
Turkmenistan,2019,99.9,99.9,0.2,40000.0,0.06,21.18,0.0,0.0,0.0,57961.055,12.87,72870.00275,0.006747688,6.3,7612.03518,13,488100.0,38.969719,59.556278
Tuvalu,2014,97.70386,62.4,25.33,20310000.0,0.8,,,,,0.0,3.1,9.999999776,,1.348012682,3398.39675,393,26.0,-7.109535,177.64933
Tuvalu,2019,99.7,69.8,192.02,6160000.0,8.2,,,,,0.0,2.61,9.999999776,,9.756097561,4055.89561,393,26.0,-7.109535,177.64933
Uganda,2014,20.4,0.7,20.74,32260000.0,91.84,0.29,0.0,2.52,89.67972,728.95105,10.28,4110.000134,,5.106307324,883.5287445,229,241038.0,1.373333,32.290275
Uganda,2019,41.3,0.5,26.59,66480000.0,90.22,0.09,0.0,4.24,97.92147,811.62756,9.98,5860.000134,,6.438745034,798.5857341,229,241038.0,1.373333,32.290275
Ukraine,2014,100.0,94.8,,,3.5,83.42,88.39,10.17,54.159798,26764.613,8.29,237729.9957,2.2846859,-10.07889498,3104.643206,75,603550.0,48.379433,31.16558
Ukraine,2019,100.0,94.9,,,7.44,57.79,83.0,11.87,62.144634,21661.146,6.95,174729.9957,3.2903612,3.199503862,3661.456204,75,603550.0,48.379433,31.16558
United Arab Emirates,2014,100.0,100.0,14.75,,0.14,109.26,0.0,0.31,0.28292415,127985.82,5.4,184759.9945,0.07691704,4.41008526,43751.80565,118,83600.0,23.424076,53.847818
United Arab Emirates,2019,100.0,100.0,196.4,,0.67,125.85,0.0,3.8,2.930968,134878.39,3.36,188860.0006,0.79182535,3.411538686,42701.44305,118,83600.0,23.424076,53.847818
United Kingdom,2014,100.0,100.0,,,7.36,206.94,63.75,64.52,38.265564,34583.77,2.64,415600.0061,8.877189,2.991164814,47787.2413,281,243610.0,55.378051,-3.435973
United Kingdom,2019,100.0,100.0,,,12.24,144.99,56.18,120.48,54.923054,32893.76,2.3,348920.0134,16.24154,1.671944197,43070.49836,281,243610.0,55.378051,-3.435973
United States,2014,100.0,100.0,,,9.22,2752.01,797.17,546.83,32.81242,80725.086,5.08,5107209.961,7.262891,2.525973446,55049.98833,36,9833517.0,37.09024,-95.712891
United States,2019,100.0,100.0,,,10.42,2588.21,809.41,760.76,37.75918,79489.016,4.51,4817720.215,9.315263,2.161176515,65279.52903,36,9833517.0,37.09024,-95.712891
Uruguay,2014,99.65708,100.0,716.48,275600000.0,56.7,1.64,0.0,11.21,87.23735,19071.291,2.58,6500.0,,3.238791217,16831.94819,20,176215.0,-32.522779,-55.765835
Uruguay,2019,99.9,100.0,1077.57,,60.76,1.89,0.0,14.16,88.224304,19985.01,2.77,6489.999771,,0.350447153,17688.01501,20,176215.0,-32.522779,-55.765835
Uzbekistan,2014,100.0,85.5,61.53,,1.4,46.7,0.0,6.01,11.402011,18518.158,8.83,104870.0027,2.9718068,6.873838441,2628.460008,79,447400.0,41.377491,64.585262
Uzbekistan,2019,100.0,84.6,57.96,65940000.0,1.57,53.64,0.0,6.47,10.7636,16212.221,8.37,116709.9991,3.1970327,5.709632222,1784.009816,79,447400.0,41.377491,64.585262
Vanuatu,2014,49.057446,10.0,29.8,8540000.0,31.74,0.05,0.0,0.02,28.571428,2701.0388,4.03,159.9999964,,3.12624625,2926.67996,25,12189.0,-15.376706,166.959158
Vanuatu,2019,64.59019,8.0,38.93,150000.0,31.86,0.05,0.0,0.02,28.571428,3154.4717,3.53,209.9999934,,3.912534737,3116.297759,25,12189.0,-15.376706,166.959158
Yemen,2014,66.1,60.8,0.19,18670000.0,0.76,7.19,0.0,0.01,0.1388889,3495.329,3.2114053,,,,,56,527968.0,15.552727,48.516388
Yemen,2019,72.751076,61.3,8.57,1200000.0,3.11,2.93,0.0,0.48,14.076246,1475.9852,,,,,,56,527968.0,15.552727,48.516388
Zambia,2014,27.9,14.6,149.51,233900000.0,83.77,0.35,0.0,14.01,97.562675,3323.3853,7.45,4690.000057,,4.697992363,1762.427817,25,752618.0,-13.133897,27.849332
Zambia,2019,43.0,11.2,142.11,78570000.0,84.5,2.05,0.0,12.62,86.0259,2983.8816,7.09,6800.000191,,1.441306026,1305.001031,25,752618.0,-13.133897,27.849332
Zimbabwe,2014,32.3,29.5,63.38,17830000.0,80.27,3.92,0.0,5.79,59.62925,3940.8862,10.4,12079.99992,,2.376929327,1434.896277,38,390757.0,-19.015438,29.154857
Zimbabwe,2019,46.781475,30.1,81.4,250000.0,81.5,3.66,0.0,4.58,55.582527,3003.6553,10.47,11760.00023,,-6.144236314,1316.740657,38,390757.0,-19.015438,29.154857
