Entity,Year,Access to electricity (% of population),Access to clean fuels for cooking,Renewable energy share in the total final energy consumption (%),Electricity from fossil fuels (TWh),Electricity from nuclear (TWh),Electricity from renewables (TWh),Low-carbon electricity (% electricity),Primary energy consumption per capita (kWh/person),Value_co2_emissions_kt_by_country,gdp_growth,gdp_per_capita,Density\n(P/Km2),Land Area(Km2)
Afghanistan,0.0,0.8905141641810158,0.261,0.19920025255182575,3.138350247733523e-05,0.0,0.0004963838436986553,0.8620690000000001,0.0028695147939731096,0.0004510996122268754,0.3494255158950283,0.0031310108696873023,0.006941120153183341,0.06532117453502873
Afghanistan,1.0,0.976017388344413,0.319,0.19478059560138905,3.5306440287002126e-05,0.0,0.0004417816208918032,0.8317757,0.0025880305574101465,0.0005631740296742659,0.3818222097340029,0.002157307375818793,0.006941120153183341,0.06532117453502873
Algeria,0.0,0.9904800501672025,0.995,0.0007366094917394507,0.011798235462573211,0.0,0.00012409596092466382,0.0041390726,0.06363558944159667,0.01379356162492255,0.378776380854919,0.04270431214445816,0.0019147917663954045,0.2385381799600567
Algeria,1.0,0.9947863887705246,0.997,0.0016836788382616017,0.014877741643161729,0.0,0.00041696242870687046,0.010953188,0.06854472549544287,0.015989286087394635,0.30236007624838523,0.030509994663541696,0.0019147917663954045,0.2385381799600567
Angola,0.0,0.2909488727913405,0.465,0.5075239398084815,0.0007806646241237137,0.0,0.002601051340980954,0.5683297,0.0168084061680391,0.002762634748973207,0.4066854593318215,0.042017737784062884,0.0028721876495931067,0.124859571928868
Angola,1.0,0.4332053833543155,0.495,0.5755024729032937,0.0008591233803170518,0.0,0.005470149957559181,0.7155844,0.014812933327393916,0.002349827238542502,0.2580210351478272,0.020938410301518412,0.0028721876495931067,0.124859571928868
Antigua and Barbuda,0.0,1.0,1.0,0.0014732189834789015,6.276700495467045e-05,0.0,0.0,0.0,0.1413184008708996,4.016000487460566e-05,0.3786597808454944,0.10766323142243116,0.026448061273336525,4.226488081854455e-05
Antigua and Barbuda,1.0,1.0,1.0,0.009575923392612859,6.47284738595039e-05,0.0,4.9638384369865536e-06,0.029411763999999996,0.14010016558842298,4.3895818596501584e-05,0.407766438863895,0.13909477507583565,0.026448061273336525,4.226488081854455e-05
Argentina,0.0,1.0,0.997,0.10302009891613174,0.01808082036475476,0.006498560680001483,0.01706071270792278,0.30066004,0.09680233987489016,0.016769137935320894,0.20649540398584462,0.09819919795683121,0.0017951172809956917,0.2784653721928532
Argentina,1.0,1.0,0.9990000000000001,0.11301694201831,0.017763062402171736,0.009846678444793122,0.017189772507284436,0.31991589000000004,0.0876028123535443,0.015695091264726013,0.21977767897198108,0.07972053353354018,0.0017951172809956917,0.2784653721928532
Armenia,0.0,0.9969761054869042,0.976,0.07450278859307587,0.0006060938915935366,0.0028045119284417046,0.000977876172086351,0.5784447,0.06396201371732858,0.0005071368209505707,0.3733180734103153,0.030482119215633628,0.012206797510770704,0.002976769639072941
Armenia,1.0,1.0,0.98,0.108807744922656,0.0005609801067823671,0.0025079996540690133,0.0011962850633137595,0.6082191499999999,0.06820352795554226,0.0005715796265097993,0.48248422279363773,0.035498218243243417,0.012206797510770704,0.002976769639072941
Australia,0.0,1.0,1.0,0.0980742923287383,0.040300340118708096,0.0,0.01794427594970639,0.1496213,0.2839780990829084,0.03470384931492779,0.3450148802440599,0.5051951197471035,0.00011967448539971278,0.7753100785015077
Australia,1.0,1.0,1.0,0.10659791644743766,0.03853305663545315,0.0,0.02651186109194518,0.2137597,0.2819270178324746,0.0360954396488564,0.3327396353674523,0.44325454517962026,0.00011967448539971278,0.7753100785015077
Austria,0.0,1.0,1.0,0.3753551510049458,0.0022399974893198018,0.0,0.024918468953672498,0.8146706,0.19629553312192974,0.0057905124138958,0.2931156915521997,0.41764100874732346,0.012805169937769268,0.00839789160340038
Austria,1.0,1.0,1.0,0.35536146480058933,0.0031815025636398584,0.0,0.027122413219694528,0.77109795,0.20533271262614744,0.006044547557504212,0.3157659755125404,0.4046379504145748,0.012805169937769268,0.00839789160340038
Azerbaijan,0.0,1.0,0.955,0.022308744606966222,0.004321115997348094,0.0,0.0006403351583712653,0.055317326,0.06806003697318051,0.0030063968808732295,0.3501341042556562,0.06215710305779849,0.014480612733365247,0.008671211176276703
Azerbaijan,1.0,1.0,0.9670000000000001,0.017047248237398716,0.004493725260973438,0.0,0.0008388886958507275,0.06869919000000001,0.07403979941844065,0.003311799402964399,0.34329738228759976,0.03712944499689034,0.014480612733365247,0.008671211176276703
Bahrain,0.0,1.0,1.0,0.0,0.005025283334183303,0.0,4.9638384369865536e-06,0.0003901678,0.656021143484754,0.002823341877597388,0.39379739338188263,0.20084378869369526,0.2677118238391575,7.451438703553826e-05
Bahrain,1.0,1.0,1.0,0.0,0.006164896767891538,0.0,4.9638384369865536e-06,0.00031806613999999997,0.6622891979444487,0.0031016598369784437,0.3335100033901602,0.18918384647051426,0.2677118238391575,7.451438703553826e-05
Bangladesh,0.0,0.6079364355434471,0.171,0.3716721035462486,0.010156485989227613,0.0,0.0004020709133959108,0.015402168,0.007871268375309218,0.005956756401325346,0.44048416682306124,0.007224342916579112,0.15114887505983723,0.014866721904796052
Bangladesh,1.0,0.9186676648201832,0.23399999999999999,0.2604440702935915,0.01537203180717976,0.0,0.000565877581816467,0.014337819,0.011607765704245276,0.00847002523973778,0.4975678229213532,0.013201229075143959,0.15114887505983723,0.014866721904796052
Barbados,0.0,1.0,1.0,0.03619909502262443,0.00018830101486401135,0.0,4.9638384369865536e-06,0.010309278,0.09793772198085056,0.00011394234060115954,0.2716694570289529,0.13189543726301786,0.0797032072762087,4.0962882120342936e-05
Barbados,1.0,1.0,1.0,0.04535409870567189,0.00019222395267367825,0.0,1.9855353747946214e-05,0.039215686,0.10657872879719384,0.00011207443512246295,0.2724448518526354,0.14535540706760328,0.0797032072762087,4.0962882120342936e-05
Belarus,0.0,1.0,0.992,0.07039882142481323,0.006347313376041049,0.0,0.00013402363779863694,0.008274594,0.12899979007439116,0.005552354310092193,0.32218423562868403,0.06580785491655194,0.005385351842987075,0.020789814444153218
Belarus,1.0,1.0,0.995,0.08239503314742713,0.007206436756358101,0.0,0.00046660081307673594,0.02494692,0.13538876596295596,0.005381440625510102,0.31327669119217577,0.05361115732726796,0.005385351842987075,0.020789814444153218
Belgium,0.0,1.0,1.0,0.09607492370830265,0.0049095566687981295,0.0416352651931654,0.006060846731560582,0.6471666,0.24766524933301617,0.00841398816503643,0.31814913513426496,0.38505858957328104,0.04559597893729057,0.003055390329695115
Belgium,1.0,1.0,1.0,0.10743975586656845,0.00575102682897168,0.053767559086248015,0.009664593436812818,0.68237465,0.27291763101154143,0.008682033112709096,0.33373332722934446,0.3760628487597997,0.04559597893729057,0.003055390329695115
Belize,0.0,0.9099532179223396,0.83,0.3942965379353888,3.726790919183558e-05,0.0,0.00015884282998356971,0.627451,0.03936691854368587,4.016000487460566e-05,0.38526346122207594,0.03642119629905154,0.0017951172809956917,0.0022980277023258405
Belize,1.0,0.9240898204988376,0.821,0.30611385878143743,8.042022509817151e-05,0.0,0.00023330040653836797,0.53409092,0.041339576036496184,5.510326256405028e-05,0.3231780039887553,0.03934426471207725,0.0017951172809956917,0.0022980277023258405
Benin,0.0,0.3128460399551374,0.043,0.5371987793328422,4.315231590633594e-05,0.0,0.0,0.0,0.00744269393348934,0.00048005216932807133,0.44857937551153787,0.008623823803590716,0.012685495452369555,0.011277411955092262
Benin,1.0,0.3777939762129801,0.04,0.4890034725876039,3.726790919183558e-05,0.0,4.9638384369865536e-06,0.05,0.009473470266853756,0.0006771163970565458,0.46244370131783663,0.008040670089065142,0.012685495452369555,0.011277411955092262
Bhutan,0.0,0.9111966642005694,0.7290000000000001,0.9106597916447439,0.0,0.0,0.0035491444824453855,1.0,0.09871178640232474,6.070698454782462e-05,0.4327179865464827,0.019661700410998736,0.00215414073719483,0.003843199695853104
Bhutan,1.0,1.0,0.794,0.8657266126486373,0.0,0.0,0.0044426354011029645,1.0,0.11545282204780119,9.339535810740061e-05,0.4321359758175888,0.02510139159144122,0.00215414073719483,0.003843199695853104
Bosnia and Herzegovina,0.0,1.0,0.44049999999999995,0.24918446806271702,0.0018849716175449469,0.0,0.0029237008393850797,0.38,0.08389246139786484,0.0018156058285676733,0.3065589090734994,0.04138460315650471,0.007419818094782192,0.005125468106089658
Bosnia and Herzegovina,1.0,1.0,0.45,0.3895611912027781,0.002032081785407456,0.0,0.003132182053738515,0.3785243,0.08747125263825811,0.0019631704940995154,0.35233095219345817,0.04778766090955472,0.007419818094782192,0.005125468106089658
Botswana,0.0,0.582420970050282,0.613,0.2670735557192465,0.000425638752348859,0.0,0.0,0.0,0.035491966456065685,0.0006481637954057618,0.3883082847355065,0.058944310565045906,0.00023934897079942556,0.05826033544093538
Botswana,1.0,0.6867635262552764,0.639,0.2690729243396822,0.0005982480159742027,0.0,4.9638384369865536e-06,0.0032679740000000003,0.03956544868296494,0.0006724466110850102,0.35674494986162225,0.056574563107726024,0.00023934897079942556,0.05826033544093538
Brazil,0.0,0.996353037236092,0.9520000000000001,0.43891402714932126,0.026789742302215282,0.01786486453095465,0.21385208754225468,0.76527,0.07392143408004924,0.04777826521848606,0.28882226579464143,0.09639880439708227,0.002752513164193394,0.8528841624778197
Brazil,1.0,0.9979145555082098,0.958,0.5005787646006524,0.017831713813840907,0.018729691997874998,0.2544413944414937,0.8530534,0.07034931683883557,0.040556935095795894,0.31358107329897295,0.07031893779042715,0.002752513164193394,0.8528841624778197
Burkina Faso,0.0,0.15748042531676934,0.076,0.7917499736925181,0.00020006982829301207,0.0,4.9638384369865534e-05,0.08928572000000001,0.0020547658612595577,0.00029232749131457165,0.39315480763936783,0.0045798608564653395,0.008855911919578746,0.02746005392878608
Burkina Faso,1.0,0.14887645484087833,0.10099999999999999,0.6824160791329054,0.0002961818046298512,0.0,0.00010424060717671761,0.12209302,0.00320398772495608,0.000462307045099055,0.4303059459828458,0.004606376193550028,0.008855911919578746,0.02746005392878608
Burundi,0.0,0.030268311317568675,0.002,0.9605387772282438,7.845875619333807e-06,0.0,7.44575765547983e-05,0.7894737000000001,0.0,3.082046915959584e-05,0.3908024416596597,0.00037834185057420295,0.05516993776926759,0.0027851755229452734
Burundi,1.0,0.07569479792221702,0.002,0.8920340944964747,2.353762685800142e-05,0.0,0.00011913212248767727,0.66666664,0.00048310925093474245,6.25748955835453e-05,0.3253525599532182,0.0,0.05516993776926759,0.0027851755229452734
Cambodia,0.0,0.5422449340520566,0.18,0.6703146374829002,0.00020203129719784552,0.0,0.0009729123336493644,0.6555184,0.007833072105068334,0.0006444279844483686,0.4700002849345666,0.007018497682922724,0.01112972714217329,0.01812923018125124
Cambodia,1.0,0.833164440656786,0.326,0.5615068925602441,0.0007728187485043799,0.0,0.0022386911350809353,0.53372787,0.016528530476227262,0.001506467228595164,0.46758596176132805,0.011476631520457511,0.01112972714217329,0.01812923018125124
Cameroon,0.0,0.5495439897733222,0.217,0.8080606124381775,0.00045702225482619423,0.0,0.002154305881652164,0.6506747,0.007448141948037048,0.0007658419737454348,0.4311711694552956,0.011161045327945806,0.00646242221158449,0.047614993776946994
Cameroon,1.0,0.6193008567570085,0.222,0.8356308534147111,0.0005864792025452021,0.0,0.0026606174022247926,0.6419161,0.006503828245444282,0.0008760485301703213,0.3699082681322085,0.010584188614753326,0.00646242221158449,0.047614993776946994
Canada,0.0,1.0,1.0,0.23666210670314636,0.02407703080683062,0.12504169703858364,0.20457467350352682,0.80702415,0.4822104644893667,0.05245363684911805,0.35339623565281625,0.411464332366233,0.00023934897079942556,1.0
Canada,1.0,1.0,1.0,0.23266336946227506,0.021703653431982144,0.11795011180983679,0.20937470527209281,0.82378334,0.4599453631367324,0.05418425565569985,0.3263654949416448,0.374009487594058,0.00023934897079942556,1.0
Central African Republic,0.0,0.08300291489979945,0.006,0.9977901715247816,0.0,0.0,8.43852534287714e-05,1.0,0.00017969738523853103,7.471628494489702e-06,0.27728107787778333,0.0015917100837297823,0.0007180469123982767,0.062392078079059166
Central African Republic,1.0,0.10638703526791007,0.006999999999999999,0.960328317373461,0.0,0.0,7.44575765547983e-05,1.0,0.0004397518542310897,1.7745118331099185e-05,0.356943150967338,0.0019442148819511864,0.0007180469123982767,0.062392078079059166
Chad,0.0,0.04492570151977904,0.037000000000000005,0.8087972219299169,5.29596604305032e-05,0.0,0.0,0.0,0.00045920408682718694,0.00020640375047553813,0.46337973852435455,0.0064246913543135244,0.0013164193393968406,0.12859530665524646
Chad,1.0,0.0448664227600999,0.061,0.8185836051773124,5.884406714500355e-05,0.0,4.9638384369865536e-06,0.032258065,0.0011182499415317987,0.00020546979778288753,0.3636891254897305,0.00390414580680612,0.0013164193393968406,0.12859530665524646
China,0.0,1.0,0.66,0.125644533305272,0.8524269254759503,0.16458902163304134,0.6399529428116174,0.24659735000000002,0.10615198543788547,0.9345718964333585,0.47772904512927467,0.060087147175055124,0.01807084729535663,0.9611693911323272
China,1.0,1.0,0.7759999999999999,0.1520572450805009,1.0,0.43080762530732264,1.0,0.31672895,0.11983036382556002,1.0,0.4374453871570366,0.08042783397272824,0.01807084729535663,0.9611693911323272
Colombia,0.0,0.9769656399548301,0.8909999999999999,0.3407345048931916,0.004117123231245415,0.0,0.023856207528157376,0.6960174000000001,0.045840445979402115,0.0073922426696467,0.3978539842426053,0.06396615521743904,0.005265677357587362,0.11406399964585635
Colombia,1.0,0.9974549235422193,0.925,0.3232663369462275,0.004676141869122949,0.0,0.02695860655127397,0.6949456,0.04704938716327698,0.0075640905077214715,0.3646152607533721,0.05026334500030569,0.005265677357587362,0.11406399964585635
Comoros,0.0,0.7097352812568029,0.053,0.6947279806376934,9.807344524167258e-06,0.0,0.0,0.0,0.003351778657454225,1.1207443617316079e-05,0.3323809430467267,0.010427923413196014,0.055648635710866444,0.00022174039367833562
Comoros,1.0,0.8362694068245001,0.078,0.5622435020519836,1.9614689048334516e-05,0.0,0.0,0.0,0.006356523183500223,2.5216747175821492e-05,0.3229741462206743,0.009517129954226036,0.055648635710866444,0.00022174039367833562
Costa Rica,0.0,0.9933191742983256,0.94,0.39587498684625905,0.0002157615795316797,0.0,0.004472418431724884,0.8911969000000001,0.049204969414931674,0.000726615914330009,0.3717381629557161,0.08613271203147639,0.011728099569171853,0.005115753192726154
Costa Rica,1.0,0.9969761054869042,0.956,0.37630222035146793,4.9036722620836286e-05,0.0,0.005549571372550966,0.9781277,0.05469061695417768,0.0007649079987312925,0.3366468461621872,0.10111136770184863,0.011728099569171853,0.005115753192726154
Croatia,0.0,1.0,1.0,0.35357255603493637,0.0006865141166917081,0.0,0.0049340554063646335,0.7395833,0.09479743467632513,0.0015120708999212936,0.2656271121040163,0.10977857278906178,0.008496888463379608,0.005665997873335357
Croatia,1.0,1.0,1.0,0.33252657055666635,0.0008453930979832175,0.0,0.0041448050948837715,0.6595577,0.09816668197188783,0.0015382216659090128,0.3700961873968478,0.1223460520831801,0.008496888463379608,0.005665997873335357
Cuba,0.0,0.9835665931324689,0.927,0.24371251183836684,0.003240346630784862,0.0,0.0008934909186575796,0.09825328000000001,0.04720108409220036,0.002488052510703206,0.3036585156780513,0.05600899563411198,0.01244614648157013,0.011100941054612937
Cuba,1.0,0.9979145555082098,0.9359999999999999,0.22666526360096811,0.003244269568594529,0.0,0.0014841876926589795,0.15309779,0.040155308166723976,0.002415204064319228,0.27056980236182043,0.07217093837669655,0.01244614648157013,0.011100941054612937
Cyprus,0.0,1.0,1.0,0.10091550036830474,0.000790471968647881,0.0,0.00015387899154658315,0.07142857,0.10174585299867944,0.0006313526461908878,0.22514388099860488,0.21847673759143224,0.01543800861656295,0.0009244190757231426
Cyprus,1.0,1.0,1.0,0.12680206250657688,0.000908160102937888,0.0,0.00025811959872330077,0.10097087,0.11199982118324982,0.0006668428946489204,0.41925484508395755,0.23504588599303228,0.01543800861656295,0.0009244190757231426
Denmark,0.0,1.0,1.0,0.3175839208670946,0.002785285844863501,0.0,0.008929945348138808,0.55886925,0.15020062325733635,0.003340752093340777,0.31926428558152015,0.5054976208024464,0.016156055528961225,0.004313922302125994
Denmark,1.0,1.0,1.0,0.3948226875723456,0.0012631859747127428,0.0,0.011451575274127978,0.7817689,0.14057707915767684,0.0027691725737920172,0.33278097612428836,0.4830031769084669,0.016156055528961225,0.004313922302125994
Djibouti,0.0,0.5476549941526586,0.081,0.324318636220141,1.7653220143501063e-05,0.0,0.0,0.0,0.017017180298642066,3.2688377421474244e-05,0.46778891009350976,0.0181373523524599,0.004906653901388224,0.0023214636788934694
Djibouti,1.0,0.5955481653566413,0.095,0.2938019572766495,1.176881342900071e-05,0.0,0.0,0.0,0.011319593173171973,3.455628289083132e-05,0.48713735508003303,0.02584805270146595,0.004906653901388224,0.0023214636788934694
Dominica,0.0,0.9972529482431893,0.889,0.10491423760917605,1.3730282333834162e-05,0.0,1.4891515310959658e-05,0.3,0.047303698963218406,1.214139774825528e-05,0.3964598605737908,0.057502664738688945,0.011249401627573001,7.311223459132114e-05
Dominica,1.0,1.0,0.893,0.08471009155003684,1.3730282333834162e-05,0.0,9.927676873973107e-06,0.22222221,0.046315772126856246,1.1207443617316079e-05,0.4817034555216598,0.06722634837044954,0.011249401627573001,7.311223459132114e-05
Dominican Republic,0.0,0.9840565683158149,0.885,0.181837314532253,0.00286962900777134,0.0,0.0008140695036657947,0.10079902,0.035596800303793065,0.001998660831843515,0.46748653208617547,0.051754560825179895,0.02668741024413595,0.004872379589908469
Dominican Republic,1.0,0.9895727775410491,0.909,0.14711143849310745,0.0033168439180733668,0.0,0.0011714658711288264,0.12247015,0.04652257222164048,0.0025384859140784263,0.4129499711530906,0.06532700099865991,0.02668741024413595,0.004872379589908469
Ecuador,0.0,0.9893232541076065,0.943,0.12817005156266442,0.002228228675890801,0.0,0.0060012806703167425,0.51556503,0.04958598478497613,0.003899256320022203,0.3784725864440874,0.04987493455986685,0.008257539492580183,0.028397593145237255
Ecuador,1.0,0.9905112275623548,0.9445,0.18657266126486374,0.0013906814535269171,0.0,0.012508872861206114,0.7804273,0.05105470413257062,0.0036648341166487467,0.27539890575967363,0.048621188820895986,0.008257539492580183,0.028397593145237255
El Salvador,0.0,0.9491716699460473,0.84,0.2520256761022835,0.00041190847001502484,0.0,0.0020550291129124328,0.6634614999999999,0.02483073923460006,0.0006108056860186206,0.3217564432641041,0.027260433108438155,0.037218764959310674,0.002105231741245987
El Salvador,1.0,0.9724721327083696,0.9075,0.20404082921182784,0.0003609102784893551,0.0,0.00205999295134942,0.6928214,0.030192561472570798,0.0007238140783867581,0.3400928481244193,0.03195430048409853,0.037218764959310674,0.002105231741245987
Equatorial Guinea,0.0,0.6446764410608867,0.239,0.044196569504367046,0.00013926429224317505,0.0,0.00018862586060548902,0.34862385,0.10225167727409822,0.0007340875361514,0.28639633637660156,0.1554586059761164,0.0057443752991862135,0.0028073095008147005
Equatorial Guinea,1.0,0.6517312286688289,0.24,0.06924129222350836,0.0001863395459591779,0.0,0.0002233727296643949,0.32142856999999997,0.07445761566375686,0.0004949954131576441,0.11189415897614931,0.06644485885664642,0.0057443752991862135,0.0028073095008147005
Estonia,0.0,1.0,1.0,0.2662317163001158,0.0021693846087457976,0.0,0.0006899735427411309,0.11164659,0.23989567307579496,0.0016708430874244912,0.3572533626010982,0.16227233077113254,0.0034705600765916706,0.004527650396123089
Estonia,1.0,1.0,1.0,0.3292644428075345,0.0010729234909438979,0.0,0.0010622614255151224,0.28120895,0.2009847045749373,0.0009460950526326166,0.3868640271948511,0.18792814751679887,0.0034705600765916706,0.004527650396123089
Eswatini,0.0,0.6350472139367194,0.46299999999999997,0.7541828896138062,7.845875619333807e-06,0.0,0.0003027941446561797,0.9384616,0.020909635418509726,6.537675379225067e-05,0.30026491985376913,0.03091142768740396,0.007778841550981331,0.0017369664171469623
Eswatini,1.0,0.7588125052798892,0.5379999999999999,0.6939913711459539,7.845875619333807e-06,0.0,0.0003325771752780991,0.9436620000000001,0.023828926724752935,8.498977794293953e-05,0.346382289127574,0.029909562991325786,0.007778841550981331,0.0017369664171469623
Ethiopia,0.0,0.24089820498837636,0.037000000000000005,0.9602230874460697,3.922937809666903e-06,0.0,0.004690827322952292,0.997888,0.002140039002567859,0.0011478290210358757,0.5550112912213148,0.00274737488523404,0.013523216850167545,0.11059767849625961
Ethiopia,1.0,0.4584474992107192,0.07,0.9357045143638851,1.9614689048334517e-06,0.0,0.007058578257394879,0.9992972600000001,0.0030974504285506215,0.0017100691472134984,0.5033372962210294,0.005090175542794743,0.013523216850167545,0.11059767849625961
Fiji,0.0,0.9352115585368894,0.381,0.3490476691571083,7.453581838367116e-05,0.0,0.00026308343716028736,0.5824175300000001,0.03281652191422165,0.00011581024607985615,0.4279970747718514,0.043617250097013935,0.005624700813786501,0.0018281063260210749
Fiji,1.0,0.9970374175549629,0.494,0.2786488477322951,8.238169400300496e-05,0.0,0.00035243252902604526,0.6283186,0.039350583461294844,0.00014756467246644745,0.2629084384275808,0.048242930086015406,0.005624700813786501,0.0018281063260210749
Finland,0.0,1.0,1.0,0.43407345048931917,0.0035208366841760455,0.02913233095711691,0.013044967412400662,0.73528984,0.256868369889726,0.004306460158192826,0.2651096342893657,0.40582136759079085,0.0019147917663954045,0.03386438521774777
Finland,1.0,1.0,1.0,0.48153214774281805,0.0024773352268046495,0.029490616621983917,0.01582471693711313,0.8152969,0.25186789734071324,0.0037974553597790823,0.3083847961893289,0.392586626229045,0.0019147917663954045,0.03386438521774777
France,0.0,1.0,1.0,0.13890350415658212,0.006998521052445755,0.5392569896591345,0.04667497282298456,0.9369822999999999,0.18610722531164117,0.0285836513118646,0.301164244375065,0.3470228198800983,0.014001914791766396,0.064476978609864
France,1.0,1.0,1.0,0.1634220772387667,0.010493858640858967,0.49296401082269803,0.05619561494512477,0.9054302,0.17978259121312135,0.02806250359115873,0.3253660730031518,0.32729130824658403,0.014001914791766396,0.064476978609864
Gabon,0.0,0.8640739604640787,0.8465,0.8555193096916762,0.00022164598624618002,0.0,0.00039214323652193774,0.41145836,0.04544359906398912,0.0005519665968020864,0.3928305521352724,0.07653108879636669,0.0008377213977979895,0.02680574950606676
Gabon,1.0,0.9033010149463149,0.878,0.9458065873934547,0.00024518361310418147,0.0,0.0005013476821356419,0.44690266,0.030858856596166925,0.00048565588576416117,0.3820734385970149,0.061148743552012066,0.0008377213977979895,0.02680574950606676
Georgia,0.0,1.0,0.77,0.3297905924444912,0.00037464056082318924,0.0,0.004095166710513906,0.8120079,0.07189577718198903,0.00078638897846729,0.3960225807702041,0.03658951841058753,0.006582096696984203,0.00697861286861461
Georgia,1.0,1.0,0.877,0.2653898768809849,0.0005237121975905316,0.0,0.004432707724228992,0.7698276,0.08305466967220372,0.0009395573165394012,0.41104454301537613,0.036255298047815486,0.006582096696984203,0.00697861286861461
Germany,0.0,1.0,1.0,0.14753235820267283,0.07066780170333958,0.12000098837424791,0.08068222995477943,0.4188564,0.1925876955840999,0.06873525201877057,0.33537037598343095,0.38716306977008347,0.028482527525131644,0.035754987481282516
Germany,1.0,1.0,1.0,0.18067978533094814,0.05572337011741352,0.09274656848815803,0.11929592915609784,0.52611385,0.1889186346642657,0.06139344392360689,0.30387498164514476,0.3777127336442572,0.028482527525131644,0.035754987481282516
Ghana,0.0,0.773729272640766,0.205,0.5018415237293486,0.0008453930979832175,0.0,0.004129913579572812,0.6587489999999999,0.010570012599327565,0.0014046662683520432,0.35301972400506026,0.014470831255785434,0.016156055528961225,0.023887870269650942
Ghana,1.0,0.8279508294273106,0.22399999999999998,0.4398610964958434,0.001837896363828944,0.0,0.003633529735874157,0.43858597000000005,0.012543480018636788,0.001866973385435574,0.4526757178064185,0.016371788080612584,0.016156055528961225,0.023887870269650942
Greece,0.0,1.0,1.0,0.17268231084920552,0.007486926809749285,0.0,0.006045955216249622,0.24190666,0.12011835713159141,0.006490977989685316,0.2880510125982108,0.17325362885416987,0.00945428434657731,0.013213884634302116
Greece,1.0,1.0,1.0,0.19478059560138905,0.00637085100289905,0.0,0.007991779883548352,0.3314121,0.1270371905202422,0.005599051991422406,0.32429142619940715,0.15334706909713444,0.00945428434657731,0.013213884634302116
Grenada,0.0,0.9046470129574287,0.915,0.1184888982426602,3.726790919183558e-05,0.0,0.0,0.0,0.04034501787358343,1.867907246203839e-05,0.4754996776599251,0.06604016675182571,0.039372905696505506,3.285042869308676e-05
Grenada,1.0,0.9282707613248684,0.8959999999999999,0.10912343470483005,4.119084700150248e-05,0.0,0.0,0.0,0.04463397554074785,2.6150702698351606e-05,0.29514372162694336,0.08597264209082252,0.039372905696505506,3.285042869308676e-05
Guatemala,0.0,0.8487465690827685,0.41600000000000004,0.6983057981689993,0.0007512425905512119,0.0,0.0034051931677727756,0.6417212999999999,0.018630771088147275,0.0012981955231647357,0.39635151912002886,0.028806427601816238,0.01974629009095261,0.01090353802121637
Guatemala,1.0,0.955600928478677,0.486,0.6621067031463749,0.0010807693665632317,0.0,0.00411998590269884,0.6010137600000001,0.02413396347881718,0.0017987946352701883,0.3806009995692582,0.035773907483353164,0.01974629009095261,0.01090353802121637
Guinea,0.0,0.3050581560449961,0.009000000000000001,0.8267915395138377,5.29596604305032e-05,0.0,0.00020848121435343523,0.60869564,0.0033880522270490986,0.00020453584509023693,0.375952848698011,0.0045343757748810025,0.006103398755385352,0.024621396305468526
Guinea,1.0,0.3973065418726395,0.016,0.688624644848995,0.00014711016786250888,0.0,0.0006502628352452385,0.63592236,0.0042914248278841625,0.0003642419187885867,0.42916135034114355,0.006731744824990548,0.006103398755385352,0.024621396305468526
Guinea-Bissau,0.0,0.13662598039886759,0.011000000000000001,0.9184468062717037,5.884406714500355e-06,0.0,0.0,0.0,0.0030359435946150258,2.0546980714577262e-05,0.30139288466030995,0.0032047398433357565,0.008137865007180469,0.0036159508461439155
Guinea-Bissau,1.0,0.2801207966194002,0.01,0.9075028938230032,1.5691751238667613e-05,0.0,0.0,0.0,0.0021635008407324668,2.6150702698351606e-05,0.39788045678822026,0.004227894726130782,0.008137865007180469,0.0036159508461439155
Guyana,0.0,0.8634033857877436,0.7090000000000001,0.2527622855940229,0.00016672485691084337,0.0,7.44575765547983e-05,0.15000001,0.04671838838171351,0.00018772467355387113,0.3210828277259,0.04200748249008625,0.00023934897079942556,0.0215278473985415
Guyana,1.0,0.915703831108451,0.795,0.11943596758918236,0.00020791570391234587,0.0,7.942141499178486e-05,0.13114754,0.0596925403725773,0.00026150700650658283,0.42114997025694567,0.051760123331011425,0.00023934897079942556,0.0215278473985415
Haiti,0.0,0.3691156075048444,0.038,0.8183731453225297,0.0001745707325301772,0.0,4.4674545932878975e-05,0.09183673,0.00403818667128902,0.0002773842252569025,0.32208000237004075,0.009789619633525653,0.04930588798468167,0.0027771632232640327
Haiti,1.0,0.4368281549621187,0.044000000000000004,0.8039566452699148,0.00016672485691084337,0.0,8.43852534287714e-05,0.16666666,0.004216988400716931,0.0003054028295720525,0.22909334930020722,0.008797083167396923,0.04930588798468167,0.0027771632232640327
Honduras,0.0,0.8816903357195778,0.451,0.5643481005998106,0.000933659198700723,0.0,0.0017919456757521455,0.43130226,0.02040980792764793,0.0008788503661135723,0.3585282587950203,0.015917783192241,0.010411680229775013,0.011224130162212012
Honduras,1.0,0.9071977201153372,0.48100000000000004,0.48363674629064507,0.0010572317397052303,0.0,0.002844279424393295,0.51528778,0.02323285837347066,0.0009498308634032192,0.3474747957044074,0.018884898696939073,0.010411680229775013,0.011224130162212012
Hungary,0.0,1.0,1.0,0.16542144585920235,0.0020673882256944578,0.019335071224719242,0.001568572946087751,0.64088585,0.10219966787384172,0.00378998391662302,0.39034050223270184,0.1141299256068259,0.012565820966969843,0.00931499945566439
Hungary,1.0,1.0,1.0,0.14353362096180153,0.002589138954380156,0.020125770623046418,0.00233300406538368,0.61392223,0.11920631929868851,0.004327007251920461,0.39935592135580855,0.13389556358539456,0.012565820966969843,0.00931499945566439
Iceland,0.0,1.0,1.0,0.8101652109860044,0.0,0.0,0.008835632417836066,1.0,0.762747607654683,0.0001867907207678252,0.32111523058612546,0.4408330115837718,0.00011967448539971278,0.010313732610931041
Iceland,1.0,1.0,1.0,0.8530990213616751,0.0,0.0,0.00949085909151829,1.0,0.7481860423985899,0.00014849862525249344,0.3415186017571212,0.5573484260497464,0.00011967448539971278,0.010313732610931041
India,0.0,0.8318349697932698,0.44799999999999995,0.3562033042197201,0.20110744534366895,0.04285837832495274,0.10028939178087631,0.18758022,0.02415764124048466,0.20052545734692487,0.4773050424129895,0.01091504499413054,0.0552896122546673,0.3292296003595119
India,1.0,0.9719326907816783,0.639,0.3465221508997159,0.24981071825068354,0.055793726294461395,0.15048372605568436,0.21475914,0.027889453541479994,0.22940236411097054,0.3853687659737675,0.015188570708132376,0.0552896122546673,0.3292296003595119
Iraq,0.0,0.9905991707565734,0.977,0.01052299273913501,0.011953191506055054,0.0,0.0014692961773480197,0.04632238,0.05391097095282693,0.01251404401705131,0.28044542779031495,0.05198864156389667,0.010890378171373864,0.043896986263613276
Iraq,1.0,0.9999166239292182,0.9890000000000001,0.004524886877828054,0.01644691676702849,0.0,0.0026506897253508192,0.059872180000000004,0.06500854287513172,0.016298424513651773,0.43765316499966944,0.04665910254882886,0.010890378171373864,0.043896986263613276
Ireland,0.0,1.0,1.0,0.08997158791960434,0.003809172613186563,0.0,0.0031718927612344075,0.24757847000000002,0.1510812796388538,0.0033136673531794746,0.5128787481551282,0.44853179790197784,0.008496888463379608,0.00845297616370891
Ireland,1.0,1.0,1.0,0.12985373040092602,0.003711099167944891,0.0,0.005857329355644133,0.3841146,0.16247495693396774,0.00333421444690711,0.40926121852580183,0.6542382200765711,0.008496888463379608,0.00845297616370891
Israel,0.0,1.0,1.0,0.03893507313479954,0.011749198739952374,0.0,0.00047652848995070906,0.015773907,0.14094755012108903,0.006039878217121952,0.38763922194427325,0.30513960631672565,0.047630445189085685,0.002078090076075784
Israel,1.0,1.0,1.0,0.04703777754393349,0.013498829003063812,0.0,0.0014395131467261004,0.040435023,0.14888194087339615,0.005846549845367436,0.37805560616786316,0.35464724405454173,0.047630445189085685,0.002078090076075784
Italy,0.0,1.0,1.0,0.1802588656213827,0.030747986552169187,0.0,0.05990360225755373,0.43497692,0.1238304405960093,0.030582311503085973,0.2749444294765221,0.28624666657428416,0.024413595021541407,0.03017822659564698
Italy,1.0,1.0,1.0,0.18173208460486162,0.034427702217636746,0.0,0.05749614061561524,0.39756306,0.12916123343178404,0.029624074166915464,0.28626566427739203,0.2710236745305472,0.024413595021541407,0.03017822659564698
Jamaica,0.0,0.9301376095250291,0.8584999999999999,0.12501315374092392,0.0006767067721675409,0.0,0.00022833656810138147,0.11764706,0.052648778595190925,0.0006668428946489204,0.2938948515163764,0.03736086052589139,0.03243178554332216,0.0010986865937901273
Jamaica,1.0,0.9934060330614086,0.8340000000000001,0.09565400399873723,0.0007061288057400426,0.0,0.00032264949840412596,0.15294117999999998,0.06482447448982946,0.0007789173565525036,0.29942054989959876,0.04170210312699869,0.03243178554332216,0.0010986865937901273
Japan,0.0,1.0,1.0,0.058718299484373356,0.17499833275143087,0.0,0.06777128618017741,0.13271962,0.17901185098944825,0.11366869356607606,0.28315244274032275,0.31023138799506805,0.04128769746290091,0.03785040415541898
Japan,1.0,1.0,1.0,0.08092181416394822,0.1442974214529777,0.07892168369553132,0.09566309435760485,0.25860157,0.173560507976676,0.10100894758108274,0.28244556820636635,0.3289051527808908,0.04128769746290091,0.03785040415541898
Jordan,0.0,0.997377553551574,0.9990000000000001,0.03262127749131853,0.0033541118272652024,0.0,3.971070749589243e-05,0.0046565773999999996,0.04895935002952277,0.002381581676790304,0.3674252327551531,0.03165999623243522,0.013523216850167545,0.008945832747851226
Jordan,1.0,1.0,0.9990000000000001,0.08597285067873303,0.003218770472831694,0.0,0.001499079207969939,0.15542973999999998,0.04720495023239009,0.0022956579356710844,0.32843622205346507,0.033882793602300974,0.013523216850167545,0.008945832747851226
Kenya,0.0,0.332657762627144,0.106,0.788698305798169,0.0003275653071071864,0.0,0.0033257717527809907,0.8004779000000001,0.0062254866346459145,0.0014102699406121264,0.4120750858487102,0.01000930058440601,0.011010052656773576,0.05812382588511624
Kenya,1.0,0.6840551594937885,0.177,0.7164053456803114,0.00024518361310418147,0.0,0.005082970559474231,0.8912098,0.007468621396159052,0.0020761789763139916,0.4110113060984775,0.013662820665396806,0.011010052656773576,0.05812382588511624
Kiribati,0.0,0.827470655833076,0.052000000000000005,0.4883720930232558,3.922937809666903e-06,0.0,0.0,0.0,0.008211026140706503,9.339534314079381e-07,0.2560262032087076,0.011474187933665256,0.017352800382958354,7.912145935225165e-05
Kiribati,1.0,0.8960703096682677,0.091,0.43175839208670946,5.884406714500355e-06,0.0,0.0,0.0,0.010225663259047118,3.7358147707258584e-06,0.3822272712500314,0.011141966386928758,0.017352800382958354,7.912145935225165e-05
Kuwait,0.0,1.0,1.0,0.0,0.012010074104295223,0.0,4.9638384369865536e-06,0.00016329195,0.489066121050745,0.007987171385696898,0.2887382417556636,0.3555483455195814,0.028482527525131644,0.0017824362178380032
Kuwait,1.0,1.0,1.0,0.0006313795643481005,0.013818548434551667,0.0,2.9783030621919316e-05,0.0008509431000000001,0.40289971786631157,0.008648410725180172,0.28673468697724785,0.26073554121647796,0.028482527525131644,0.0017824362178380032
Latvia,0.0,1.0,1.0,0.4234452278227928,0.00045898372373102763,0.0,0.0013898747623562347,0.5447471,0.08562590893414591,0.0006752484915778492,0.32692508649134405,0.1256691016275213,0.003350885591191958,0.006466727072729347
Latvia,1.0,1.0,1.0,0.43691465852888567,0.0006374773940708718,0.0,0.0015834644613987104,0.4953416,0.0989944072243618,0.0007023331432003485,0.3428696244195231,0.14355750389639857,0.003350885591191958,0.006466727072729347
Lesotho,0.0,0.24715453846374688,0.358,0.44606966221193306,0.0,0.0,0.00025811959872330077,1.0,0.008013646028779683,5.230140435534491e-05,0.3217519144791032,0.007838377189493697,0.008257539492580183,0.003038063731634432
Lesotho,1.0,0.4212913432449429,0.39299999999999996,0.41534252341365885,0.0,0.0,0.00024819192184932765,1.0,0.008503508607311399,6.724465926160773e-05,0.2646586737020567,0.00717971766510137,0.008257539492580183,0.003038063731634432
Liberia,0.0,0.05529364521905078,0.004,0.8841418499421235,5.492112933533665e-05,0.0,0.0,0.0,0.003737271239736069,0.00010927257695111573,0.2942106348812378,0.004150498969052505,0.006103398755385352,0.011151919311334831
Liberia,1.0,0.19814659290667774,0.004,0.9180258865621382,6.0805536049837e-05,0.0,0.0,0.0,0.0038606079394089853,0.00010553675487967435,0.20773219330635864,0.0036024120406360606,0.006103398755385352,0.011151919311334831
Lithuania,0.0,1.0,1.0,0.29180258865621383,0.00038248643644252304,0.0,0.0007495396039849695,0.43641617,0.08631038217098068,0.0010096038385347195,0.3715989761424744,0.1323978947073838,0.004906653901388224,0.006537936386146373
Lithuania,1.0,1.0,1.0,0.3528359465431969,0.00013141841662384126,0.0,0.0012260680939356788,0.78662415,0.10530320124298731,0.0010908577928418455,0.39989380112296147,0.15693231625051726,0.004906653901388224,0.006537936386146373
Luxembourg,0.0,1.0,1.0,0.07208250026307482,0.0002961818046298512,0.0,0.00019855353747946214,0.2094241,0.3389188742540086,0.000896595445886396,0.3466565888916929,1.0,0.028721876495931067,0.0002568943585297791
Luxembourg,1.0,1.0,1.0,0.17310323055877092,5.29596604305032e-05,0.0,0.00039710707495892427,0.7476635,0.3246430022492423,0.0008816522020568232,0.36468867365158375,0.9164910467498385,0.028721876495931067,0.0002568943585297791
Madagascar,0.0,0.18912780666692475,0.009000000000000001,0.8431021782594971,0.0002118386417220128,0.0,0.0004417816208918032,0.45177666,0.0018728902516724104,0.00027645027247085656,0.3662005253982281,0.0024548407050297327,0.005505026328386788,0.058792251986023746
Madagascar,1.0,0.2809387392307477,0.009000000000000001,0.8709881090182047,0.0002157615795316797,0.0,0.00045170929776577635,0.45273631999999997,0.0020592803693747,0.00038011911531081005,0.3954578453661264,0.0023909931012601644,0.005505026328386788,0.058792251986023746
Malawi,0.0,0.08136170136642797,0.022000000000000002,0.8702514995264653,2.549909576283487e-05,0.0,0.001032478394893203,0.9411764499999999,0.0017461117484327993,7.471629228110276e-05,0.4306303019470903,0.0011603584518722803,0.02405457156534227,0.011864513214235173
Malawi,1.0,0.07406264564516234,0.012,0.7683889298116384,3.922937809666903e-05,0.0,0.000744575765547983,0.8823529000000001,0.001458090278466247,0.00013075351213752526,0.42375778336155473,0.002949506433940626,0.02405457156534227,0.011864513214235173
Maldives,0.0,1.0,0.973,0.012627591286962012,9.807344524167257e-05,0.0,4.9638384369865536e-06,0.019607843,0.08944728553602437,0.00012328187910869072,0.47510530623908026,0.0670886774806068,0.215414073719483,2.7742587646295828e-05
Maldives,1.0,1.0,0.99,0.011680521940439862,0.00011964960319484054,0.0,1.4891515310959658e-05,0.046875,0.07839716557719613,0.000192394437203915,0.46293499020052864,0.08381650257445025,0.215414073719483,2.7742587646295828e-05
Mali,0.0,0.3129851391027398,0.009000000000000001,0.8516258023781964,0.00016672485691084337,0.0,0.0007495396039849695,0.63983055,0.0030003441672134994,0.0003110065682362386,0.46842045370730034,0.005029488658436804,0.0017951172809956917,0.12420777134979907
Mali,1.0,0.45607725599190774,0.009000000000000001,0.8064821635273072,0.0004217158145391921,0.0,0.0005807690971274267,0.35240963000000003,0.004419123950422373,0.0005398251890091598,0.4048714792681181,0.00527902346785915,0.0017951172809956917,0.12420777134979907
Malta,0.0,1.0,1.0,0.04714300747132485,0.000425638752348859,0.0,3.971070749589243e-05,0.035555556,0.2549153290044788,0.00021574327786902113,0.4833995294575435,0.21515872438605133,0.1649114408808042,2.954535507457498e-05
Malta,1.0,1.0,1.0,0.08102704409133958,0.000364833216299022,0.0,0.00010424060717671761,0.10144928,0.34089192860226886,0.00015036653073119004,0.426251820530442,0.2429958509060682,0.1649114408808042,2.954535507457498e-05
Mauritania,0.0,0.36185398551220643,0.431,0.32537093549405455,0.00014907163676734233,0.0,0.00010920444561370417,0.22448978,0.011941333378076097,0.0002661767923847229,0.3917350378945643,0.011752312738568532,0.00035902345619913834,0.10322636278951819
Mauritania,1.0,0.43515769306974983,0.43,0.2599179206566347,0.0002667597710573494,0.0,0.00022833656810138147,0.25274725,0.016868922783618158,0.0003642419187885867,0.43226589977388463,0.012289226022056,0.00035902345619913834,0.10322636278951819
Mauritius,0.0,0.9935389801477602,0.9725,0.11143849310743975,0.0004668295993503615,0.0,0.00020848121435343523,0.15,0.07430701968866234,0.0003642419187885867,0.3772637686022946,0.08050975772225069,0.07467687888942078,0.00020221041320531147
Mauritius,1.0,1.0,0.9690000000000001,0.09407555508786698,0.0004903672262083629,0.0,0.0002928664677822066,0.19093851,0.09645734020374336,0.0003847889011889502,0.35728090838641974,0.08816051197833102,0.07467687888942078,0.00020221041320531147
Mexico,0.0,0.9913759571208755,0.846,0.10270440913395769,0.04382509974069381,0.011489850631941786,0.028522215658924734,0.23005617,0.07920425434627328,0.043166401752677025,0.35284323214377794,0.08679577475715976,0.007659167065581618,0.196737411600548
Mexico,1.0,0.9958291110164196,0.8490000000000001,0.108807744922656,0.04868365821796627,0.013441889771562004,0.029286646778220665,0.21969315,0.07556113838488669,0.04195506378689688,0.2702488682378216,0.07885922020885698,0.007659167065581618,0.196737411600548
Mongolia,0.0,0.8652680859800777,0.426,0.03514679574871093,0.0009532738877490576,0.0,0.00010424060717671761,0.041420116,0.08322617523552081,0.00168765428165593,0.4902684647188069,0.03187960044304258,0.0,0.15664997337412662
Mongolia,1.0,0.9711156553386848,0.501,0.03493633589392823,0.0011533437160420694,0.0,0.00032264949840412596,0.09954058,0.10276961204163447,0.0021499612194203644,0.4279623962886579,0.033877592045856206,0.0,0.15664997337412662
Montenegro,0.0,0.976017388344413,0.6145,0.48353151636325375,0.0002785285844863501,0.0,0.0008686717264726468,0.55205048,0.08636211419914851,0.00020266793961154028,0.3237484153503153,0.05799630679323869,0.005385351842987075,0.0013812203112998763
Montenegro,1.0,1.0,0.62,0.4076607387140903,0.00029422033572501776,0.0,0.0009580208183384047,0.5626822,0.0864736177787926,0.00023815816584147668,0.38595255392757427,0.07042517750778601,0.005385351842987075,0.0013812203112998763
Morocco,0.0,0.9124113313448126,0.9740000000000001,0.11722613911396401,0.004733024467363118,0.0,0.0017919456757521455,0.13013699,0.0262036755990835,0.005476703938385603,0.3479231321285246,0.02387526569143404,0.009693633317376736,0.04472155205455895
Morocco,1.0,0.9958291110164196,0.98,0.11249079238135325,0.006351236313850717,0.0,0.0037725172121097802,0.19009504,0.030175251320606535,0.006671231068572498,0.34624310788180584,0.024388717962347185,0.009693633317376736,0.04472155205455895
Mozambique,0.0,0.21587287108689426,0.037000000000000005,0.8620435651899401,0.00023341479967518074,0.0,0.008130767359783974,0.9322709,0.011910144380247518,0.00044923170684157417,0.47698532729279836,0.0036156228920151364,0.004547630445189086,0.08005879826121079
Mozambique,1.0,0.26669984560192733,0.048,0.8216352730716615,0.0007159361502642098,0.0,0.007475540686101749,0.8049172,0.009604682626939653,0.0006957954517501164,0.3382376952832924,0.002258391772321515,0.004547630445189086,0.08005879826121079
Myanmar,0.0,0.499493321970358,0.175,0.7621803640955488,0.0009787729835118923,0.0,0.004462490754850911,0.6430615000000001,0.009270062219350771,0.0015867872974543004,0.498849968457178,0.007964279653085604,0.009693633317376736,0.06775971794301432
Myanmar,1.0,0.6700673533817797,0.289,0.6087551299589603,0.002506757260377151,0.0,0.005435403088500275,0.46144123,0.012806450095007525,0.0034248080626300644,0.4592989741571242,0.008459177268049385,0.009693633317376736,0.06775971794301432
Namibia,0.0,0.46538083053145957,0.436,0.31663685152057247,3.922937809666903e-06,0.0,0.000744575765547983,0.9868420999999999,0.040708366775211266,0.0003642419187885867,0.4413427531573744,0.042516494402199574,0.00011967448539971278,0.08255382838194913
Namibia,1.0,0.5326215461724663,0.465,0.3229506471640535,7.845875619333807e-06,0.0,0.0006552266736822251,0.9705882,0.038654213095487715,0.0003894586426108977,0.25083094748484924,0.03878358426604571,0.00011967448539971278,0.08255382838194913
Nauru,0.0,0.9930949890154581,1.0,0.0005261496369567505,3.922937809666903e-06,0.0,0.0,0.0,0.12067396756329443,0.0,1.0,0.08065204891835717,0.06450454763044519,0.0
Nauru,1.0,1.0,1.0,0.0064190255708723555,5.884406714500355e-06,0.0,0.0,0.0,0.09477318808851275,9.339534314079381e-07,0.27506853888890886,0.0876135446889564,0.06450454763044519,0.0
Nepal,0.0,0.8425489408698419,0.276,0.884562769651689,0.0,0.0,0.001876330929180917,1.0,0.0038546913793945747,0.0006612391782128307,0.4391311474844945,0.0050017002747653125,0.02405457156534227,0.014738625263642217
Nepal,1.0,0.8946850531645962,0.336,0.8143744080816584,0.0,0.0,0.003107362861553582,1.0,0.006419906973023514,0.0012514978418345236,0.4567498158062758,0.007841469584836462,0.02405457156534227,0.014738625263642217
Netherlands,0.0,1.0,1.0,0.05819214984741661,0.017158929979483036,0.005053063342434613,0.005782871779089335,0.15248982,0.2549687636705448,0.013985020978952996,0.31391518748885794,0.42666618956613567,0.06055528961225467,0.00415858384205594
Netherlands,1.0,1.0,1.0,0.08986635799221297,0.018455460925577948,0.004830679136655094,0.011312587797892354,0.22104479000000002,0.25023573755668754,0.013662807257960619,0.32843955320393203,0.42379562008962074,0.06055528961225467,0.00415858384205594
New Zealand,0.0,1.0,1.0,0.32715984425970746,0.001698632071585769,0.0,0.01687705068575428,0.7969995,0.2361271166541245,0.002981179911607905,0.37915385054480255,0.3596895935926989,0.0019147917663954045,0.026923029542650922
New Zealand,1.0,1.0,1.0,0.312006734715353,0.001537791621389426,0.0,0.017854926857840632,0.8210454,0.2264346605258514,0.003171706358973762,0.3196610718394652,0.3449459670738074,0.0019147917663954045,0.026923029542650922
Nicaragua,0.0,0.8107779239429906,0.493,0.5579290750289383,0.00040602406330052444,0.0,0.001131755163632934,0.52413795,0.016973770713313116,0.0004398921794480912,0.4056816626963475,0.013836522934378623,0.006342747726184777,0.013054940639375505
Nicaragua,1.0,0.8754815503786201,0.551,0.5336209618015364,0.000425638752348859,0.0,0.0011466466789438938,0.515625,0.01719412022126559,0.00048472191075001883,0.17477774537502064,0.013776798156149921,0.006342747726184777,0.013054940639375505
Niger,0.0,0.1217207038371406,0.016,0.8216352730716615,8.042022509817151e-05,0.0,4.9638384369865536e-06,0.023809524,0.0013250564372103912,0.0001961302703894045,0.4563426595282972,0.0027284785432394577,0.0020344662517951173,0.12689269297298283
Niger,1.0,0.15512982698507052,0.023,0.8505735031042828,0.0001098422586706733,0.0,2.4819192184932767e-05,0.08196721,0.0011622196051167117,0.0001961302703894045,0.43721839334294904,0.0026433321280904965,0.0020344662517951173,0.12689269297298283
Nigeria,0.0,0.5208506718274549,0.042,0.8485741344838472,0.004954670453609299,0.0,0.0026506897253508192,0.17450980000000002,0.01071824152369003,0.010719919894205137,0.44727046131691783,0.023285471140867407,0.026807084729535663,0.09251672242058784
Nigeria,1.0,0.534945878330791,0.129,0.8565716089655898,0.004542761983594274,0.0,0.0042142988330015835,0.26824644,0.009757967831115369,0.010761947527216239,0.33533996900791574,0.016235787818644997,0.026807084729535663,0.09251672242058784
North Macedonia,0.0,1.0,0.723,0.22298221614227087,0.0008022407820768816,0.0,0.0006403351583712653,0.23977695000000002,0.055844604326393266,0.000714474506443687,0.37411289882610244,0.04272603686881383,0.009693633317376736,0.002573150042630442
North Macedonia,1.0,1.0,0.773,0.17173524150268338,0.0008885454138895536,0.0,0.0006651543505561982,0.22827940000000002,0.06184756788005466,0.0007705117597169702,0.3817898998014622,0.047387175065550645,0.009693633317376736,0.002573150042630442
Norway,0.0,1.0,1.0,0.598758286856782,0.0005884406714500355,0.0,0.06847118739979251,0.9787143,0.44993005443177686,0.0036480229224173082,0.32882043076079415,0.7850930553379429,0.0015557683101962662,0.03242788003864733
Norway,1.0,1.0,1.0,0.6563190571398505,0.0005413654177340326,0.0,0.06506103039358274,0.9793769,0.4104952111334225,0.003352893590419671,0.29542251884537823,0.6123286476367228,0.0015557683101962662,0.03242788003864733
Oman,0.0,1.0,1.0,0.0,0.00537050186143399,0.0,0.0,0.0,0.335281758064263,0.006195848301851346,0.3103360906484789,0.18485248538204335,0.001675442795595979,0.030995481163133526
Oman,1.0,1.0,1.0,0.0,0.007067172464114926,0.0,9.927676873973107e-06,0.0005547850199999999,0.34511374515492427,0.007096179540926667,0.24425075868113139,0.14172324752520377,0.001675442795595979,0.030995481163133526
Pakistan,0.0,0.6999539626658492,0.41,0.49689571714195513,0.013392909682202808,0.005658442569278858,0.017115314930729635,0.36389049999999995,0.015062682996566209,0.01440063148221531,0.40264850639701266,0.008297473110796708,0.03410722833891814,0.07972979320554983
Pakistan,1.0,0.7302236681030607,0.478,0.45627696516889404,0.016954937213380355,0.011205693035667956,0.020113473346669516,0.36455193,0.017939522291275805,0.017793685175780186,0.3063105155010121,0.008600675511076105,0.03410722833891814,0.07972979320554983
Panama,0.0,0.9107079402839184,0.8759999999999999,0.2081447963800905,0.0006198241739273707,0.0,0.0025762321487960214,0.6215568499999999,0.11205085338030162,0.0010002643555040338,0.41334420041231734,0.10194070829207703,0.006701771182383916,0.007551492295823318
Panama,1.0,0.956375942215161,0.8759999999999999,0.19898979269704303,0.0008140095955058824,0.0,0.0030974351846796092,0.60057747,0.11811515883818742,0.0012412243836963002,0.35638955471339967,0.12609739532861905,0.006701771182383916,0.007551492295823318
Papua New Guinea,0.0,0.3748931229249,0.085,0.5979164474376513,0.0004962516329228632,0.0,0.0007396119271109964,0.37064680000000005,0.011181397864072316,0.0005454289053518543,0.6446988607528172,0.02184002859741261,0.00215414073719483,0.04635305657715159
Papua New Guinea,1.0,0.5793968669927372,0.091,0.5586656845206777,0.0006198241739273707,0.0,0.0006353713199342789,0.28828829,0.012645559774886853,0.0007032670736649028,0.3973463782136823,0.021025040660708566,0.00215414073719483,0.04635305657715159
Paraguay,0.0,0.9895802851412195,0.643,0.6581079659055035,7.845875619333807e-06,0.0,0.027216726149997268,0.9992709999999999,0.09280580919991291,0.0005211461342221938,0.4197474899739747,0.04777594639859768,0.0019147917663954045,0.04073563327063375
Paraguay,1.0,0.9968718332623148,0.68,0.6323266336946228,1.3730282333834162e-05,0.0,0.024317844502797125,0.99857315,0.08409833122933631,0.0007621061627880416,0.26410129538687116,0.041795097891778196,0.0019147917663954045,0.04073563327063375
Peru,0.0,0.9261751607184032,0.737,0.30053667262969586,0.004003358034765075,0.0,0.01144661143569099,0.53048077,0.03695597901267863,0.0049611614935381925,0.3400812758029989,0.052274099789657594,0.0028721876495931067,0.12871709361040132
Peru,1.0,0.9536130410802128,0.8325,0.28538356308534146,0.0043466150931109285,0.0,0.01708056806167073,0.6082729299999999,0.04162076732546089,0.005295517062776026,0.3352183980905849,0.055151432841227546,0.0028721876495931067,0.12871709361040132
Philippines,0.0,0.8928120111942949,0.42,0.34020835525623483,0.011194103039884508,0.0,0.010017025965838864,0.26122978,0.01624383661787213,0.009504846029862752,0.44831487643869167,0.022155250555492573,0.043800861656294876,0.030044020575986197
Philippines,1.0,0.9545902803690656,0.465,0.2812795959170788,0.01633903597726265,0.0,0.011307623959455369,0.2147436,0.020944850152160584,0.013576883701764218,0.4420525106055883,0.02641928281394928,0.043800861656294876,0.030044020575986197
Poland,0.0,1.0,1.0,0.12185625591918342,0.027172228738657805,0.0,0.009853219297418309,0.12533148,0.12093051114173392,0.026681188232109028,0.36727522798587514,0.11390664134282924,0.01460028721876496,0.03131447084419292
Poland,1.0,1.0,1.0,0.12817005156266442,0.02698588919269863,0.0,0.012637932660567765,0.15615800999999999,0.13050003169304691,0.027559104071405306,0.40456552334023604,0.12575630375487373,0.01460028721876496,0.03131447084419292
Portugal,0.0,1.0,1.0,0.3205303588340524,0.003999435096955408,0.0,0.01567083794556655,0.60758278,0.12120727301180576,0.004284979267742795,0.2966886301117567,0.17719846668348668,0.013044518908568694,0.009233273998915735
Portugal,1.0,1.0,1.0,0.29664316531621593,0.0047702923765549545,0.0,0.013605881155780142,0.5298666399999999,0.12064590177518425,0.004164499163987113,0.34828518149938625,0.1873903514241124,0.013044518908568694,0.009233273998915735
Qatar,0.0,1.0,1.0,0.0005261496369567505,0.007151515627022764,0.0,9.927676873973107e-06,0.0005482456,1.0,0.0076219958884742285,0.4206504223000518,0.6783425395216232,0.029439923408329346,0.0011582780726693547
Qatar,1.0,1.0,1.0,0.00042091970956540043,0.009214980914907555,0.0,1.4891515310959658e-05,0.0006381621,0.8868446482315785,0.00858490184961852,0.2938516927610707,0.5032868582070341,0.029439923408329346,0.0011582780726693547
Romania,0.0,1.0,0.858,0.2558139534883721,0.005176316439855479,0.014430264019470973,0.013461929841107532,0.5951833,0.08036607641317799,0.006676834562447439,0.37355615528478436,0.07961540811966118,0.009813307802776448,0.02387364843771674
Romania,1.0,1.0,0.877,0.2477112490792381,0.0045643381415474416,0.013936076895516488,0.01222593407029788,0.60679283,0.08382150108305804,0.006901917015679471,0.3893726024565236,0.10277837107736859,0.009813307802776448,0.02387364843771674
Rwanda,0.0,0.1637367587921399,0.005,0.9254972114069242,5.099819152566974e-05,0.0,0.00010424060717671761,0.4468085,0.0008846126036270209,7.565024502045105e-05,0.443379999311369,0.004180081431778396,0.06258975586404979,0.0026357461338901347
Rwanda,1.0,0.378210199651874,0.019,0.8193202146690519,0.00010788078976583985,0.0,0.00023330040653836797,0.46078434,0.00140582953642479,0.0001195460681512975,0.5332651082925555,0.0048013219707873315,0.06258975586404979,0.0026357461338901347
Samoa,0.0,0.9781028328362033,0.304,0.43396822056192785,1.7653220143501063e-05,0.0,1.4891515310959658e-05,0.25,0.02503141153985621,1.4943257339212013e-05,0.2764923551499566,0.030084301258048608,0.008137865007180469,0.00028143202630357864
Samoa,1.0,0.9916582220328394,0.353,0.3599915816058087,1.7653220143501063e-05,0.0,2.9783030621919316e-05,0.4,0.03201228666384744,2.3348841706464433e-05,0.3946007113782653,0.03321265536018022,0.008137865007180469,0.00028143202630357864
Sao Tome and Principe,0.0,0.6725852147889425,0.019,0.41702620225192044,1.3730282333834162e-05,0.0,4.9638384369865536e-06,0.125,0.012461294242038493,6.537675064015718e-06,0.4538263334154315,0.012509565644733028,0.028721876495931067,8.162530300263936e-05
Sao Tome and Principe,1.0,0.7389774256295746,0.03,0.3902978006945175,1.5691751238667613e-05,0.0,4.9638384369865536e-06,0.11111111,0.013750688267046918,9.33953675636811e-06,0.3354061934516446,0.014270609427016665,0.028721876495931067,8.162530300263936e-05
Senegal,0.0,0.5933383241009159,0.284,0.44754288119541197,0.0006178627050225373,0.0,0.0002432280834123411,0.13461537999999998,0.008921528827794355,0.0007957284613111851,0.44493309894174776,0.009477506852907134,0.010172331258975587,0.01970034199499652
Senegal,1.0,0.6913542152150541,0.247,0.3914553298958224,0.000872853662650886,0.0,0.0003573963674630318,0.13926498,0.010912514641497489,0.000987188972977151,0.395216989525217,0.009749159145851909,0.010172331258975587,0.01970034199499652
Serbia,0.0,0.9964630861419238,0.716,0.24465958118488898,0.004395651815731765,0.0,0.005475113795996168,0.32984450000000004,0.09506889660587199,0.0036340134751233397,0.2316883586073556,0.051683436016189084,0.011728099569171853,0.007757208090139173
Serbia,1.0,0.9979145555082098,0.7859999999999999,0.22656003367357677,0.005168470564236145,0.0,0.005216994197272867,0.28513292,0.11268415786767169,0.004286847217023917,0.3932882439073557,0.05831149558453118,0.011728099569171853,0.007757208090139173
Seychelles,0.0,1.0,1.0,0.014416500052614965,8.042022509817151e-05,0.0,4.9638384369865536e-06,0.023809524,0.1896967103128683,3.922605213525736e-05,0.39801105367195266,0.11738658674436302,0.02537099090473911,4.346672577073065e-05
Seychelles,1.0,1.0,1.0,0.015468799326528464,9.611197633683912e-05,0.0,1.9855353747946214e-05,0.0754717,0.19450609909636699,5.230140435534491e-05,0.30757291648288654,0.1296600535393684,0.02537099090473911,4.346672577073065e-05
Sierra Leone,0.0,0.15191260134036333,0.005,0.7774387035672945,7.845875619333807e-06,0.0,7.44575765547983e-05,0.7894737000000001,0.0023336481342676805,0.00010273489661493179,0.3994298621542273,0.003945997705698493,0.013044518908568694,0.007182926510486247
Sierra Leone,1.0,0.19397570392309743,0.006999999999999999,0.7938545722403452,3.922937809666903e-06,0.0,9.431293030274451e-05,0.9047620000000001,0.0013521964426338672,7.938605596850472e-05,0.41846485897628344,0.0023809782758205987,0.013044518908568694,0.007182926510486247
Singapore,0.0,1.0,1.0,0.0062085657160896555,0.009156136847762552,0.0,0.0001389874762356235,0.0059625214,0.6336731462829744,0.004142084476814687,0.3825426874891322,0.46505138503273563,1.0,6.960685348077834e-05
Singapore,1.0,1.0,1.0,0.008839313900873409,0.00999564553903127,0.0,0.00038717939808495115,0.015075376,0.6761979999943362,0.004420402614580886,0.3117815921646987,0.530575274741592,1.0,6.960685348077834e-05
Slovenia,0.0,1.0,1.0,0.24108176365358308,0.0008198940022203827,0.00786992994897518,0.003276133368411125,0.7562682,0.16980131392981376,0.001219743404520675,0.35061584904210974,0.19456152172013408,0.012087123025370992,0.002028313664306076
Slovenia,1.0,1.0,1.0,0.2195096285383563,0.000986618859131226,0.007190422653537763,0.0025017745722412227,0.6834487,0.1609175980013611,0.0012655071994689439,0.3637805362835015,0.208577978874448,0.012087123025370992,0.002028313664306076
Solomon Islands,0.0,0.481837531813964,0.084,0.4829001367989056,1.7653220143501063e-05,0.0,0.0,0.0,0.010018818784728692,2.7084655437699903e-05,0.3037591113841375,0.01660102977773723,0.002752513164193394,0.0028919394161978054
Solomon Islands,1.0,0.685196106175247,0.092,0.5092076186467431,1.9614689048334516e-05,0.0,0.0,0.0,0.007814416485110888,2.895256369023877e-05,0.30792891406450484,0.01716201090677477,0.002752513164193394,0.0028919394161978054
Somalia,0.0,0.4921279074053636,0.018000000000000002,0.9958960328317373,6.47284738595039e-05,0.0,0.0,0.0,0.0002584676872822389,5.6037215303398576e-05,0.47994884006460387,0.0011834369797649677,0.002752513164193394,0.06386163399434472
Somalia,1.0,0.4702970990852956,0.028999999999999998,1.0,6.47284738595039e-05,0.0,9.927676873973107e-06,0.057142860000000004,0.00013418489275119467,5.977303180847632e-05,0.4956234611676894,0.001550713338824422,0.002752513164193394,0.06386163399434472
South Africa,0.0,0.8529761633287928,0.8265,0.10365147848047984,0.042842403819372245,0.018235504873920512,0.001677777391701455,0.07668245,0.11186956298314893,0.04182991434649475,0.31365403632348277,0.05483668929114265,0.005624700813786501,0.12209432700137982
South Africa,1.0,0.8435916631157369,0.863,0.1104914237609176,0.04087505050782429,0.016802362214452502,0.006239544915292098,0.11157059999999999,0.10802610756301258,0.041055668835398275,0.27815394808421123,0.051883824214235874,0.005624700813786501,0.12209432700137982
South Sudan,0.0,0.0,0.0,0.3141113332631801,9.022756962233877e-05,0.0,0.0,0.0,0.0016485894289626772,0.0001382251339589163,0.3671405923366949,0.008878598743997127,0.0019147917663954045,0.06452985978776019
Spain,0.0,1.0,1.0,0.18320530358834053,0.02106029163119677,0.0708046601845789,0.05473128260621374,0.6094784,0.1420235233929199,0.022499877444201764,0.31283751421736944,0.23711808920343613,0.011010052656773576,0.05061259539519116
Spain,1.0,1.0,1.0,0.18173208460486162,0.021880185633417152,0.07208954670686056,0.0501298043751272,0.5882092,0.14324661908784256,0.022408348961445557,0.33197661845678994,0.2378786409517702,0.011010052656773576,0.05061259539519116
Sri Lanka,0.0,0.923469557170867,0.248,0.6030727138798274,0.0013926429224317505,0.0,0.0024173893188124515,0.40685043,0.01626504278086644,0.0016390886501106425,0.4104536844246534,0.02912772279694317,0.040569650550502635,0.006568984047411181
Sri Lanka,1.0,0.9974825556817356,0.306,0.5252025676102283,0.0019967753451204536,0.0,0.0028343517475193218,0.35934547,0.02038672459570278,0.0022162720203046287,0.33661577338232657,0.029395491055483405,0.040569650550502635,0.006568984047411181
Sudan,0.0,0.4254600425118068,0.433,0.6830474586972535,0.0004374075657778597,0.0,0.004487309947035844,0.8021295,0.009314208760982993,0.0015008635563350807,0.4022847528061007,0.00872463631841513,0.002752513164193394,0.18643249251926633
Sudan,1.0,0.5199571631349474,0.536,0.6548458381563717,0.0011729584050904041,0.0,0.005127645105407109,0.6333538,0.009657819438055005,0.0019211426883069915,0.21562071911597291,0.003104280491935938,0.002752513164193394,0.18643249251926633
Suriname,0.0,0.9409572083651104,0.9059999999999999,0.13522045669788488,0.0002687212399621829,0.0,0.0002730111140342604,0.28645834000000003,0.08485708044425318,0.00024002607132017327,0.2820416094321963,0.07497777264340312,0.00023934897079942556,0.016405083443594263
Suriname,1.0,0.9773251705852145,0.9390000000000001,0.15153109544354415,0.0001941854215785117,0.0,0.00047652848995070906,0.49230766000000004,0.09146108371047834,0.00024282795171961678,0.3050474132903768,0.053740738846568846,0.00023934897079942556,0.016405083443594263
Sweden,0.0,1.0,1.0,0.5115226770493528,0.0005747103891162014,0.08015715150541752,0.0425599507587227,0.9809183,0.2655336873028252,0.003645221175479838,0.3476039398050232,0.4849873875529175,0.002752513164193394,0.04509662783338703
Sweden,1.0,1.0,1.0,0.5564558560454593,0.0006570920831192063,0.08170148626777529,0.04911221749554495,0.98010925,0.2692102756744196,0.003264167924911792,0.32927487778741765,0.4194411631071305,0.002752513164193394,0.04509662783338703
Switzerland,0.0,1.0,1.0,0.2336104388087972,0.0006610150209288731,0.03257928614669945,0.017969095141891323,0.9488929,0.17830524345993787,0.003711531797978959,0.3418467049040282,0.7256014977015137,0.025969363331737674,0.004131942945615815
Switzerland,1.0,1.0,1.0,0.2605493002209829,0.0007022058679303757,0.031232626233923477,0.018683887876817386,0.9461654,0.16625393827890916,0.0034864489879766402,0.3081183779482841,0.6903161553597944,0.025969363331737674,0.004131942945615815
Tajikistan,0.0,0.9892038624104514,0.765,0.4829001367989056,2.9422033572501774e-05,0.0,0.0078627200841867,0.9906191,0.03153456658190498,0.0004230809856836291,0.45792185802856133,0.007105096189343401,0.007898516036381044,0.014430051572168435
Tajikistan,1.0,0.9961753990742814,0.816,0.40576660002104603,0.0002785285844863501,0.0,0.009515678283703224,0.9310345,0.033478670538455345,0.0008751145551561791,0.4770259054694974,0.005372312378810718,0.007898516036381044,0.014430051572168435
Thailand,0.0,0.9943895808198492,0.779,0.2568662527622856,0.029276884873544098,0.0,0.0067905309817976045,0.08395728,0.08156640199325256,0.023979258223570533,0.3019362076700061,0.04642595819393356,0.016156055528961225,0.05138878692681135
Thailand,1.0,0.9989572777541049,0.8270000000000001,0.25213090602967486,0.03189152292368709,0.0,0.013908675300436322,0.14700173,0.08788964496406618,0.024940297299206885,0.33692299812107207,0.06155441105563291,0.016156055528961225,0.05138878692681135
Togo,0.0,0.43380182047896754,0.06,0.8569925286751552,1.5691751238667613e-05,0.0,5.956606124383863e-05,0.6,0.004039262021540467,0.00014382886150905426,0.43665050311902726,0.0033476687291293956,0.01795117280995692,0.00568512723882432
Togo,1.0,0.5032795507174277,0.0925,0.801957276649479,8.826610071750532e-05,0.0,0.00012409596092466382,0.35714287,0.004727829697130252,0.00021667723065506712,0.4240781890668072,0.005395089110026597,0.01795117280995692,0.00568512723882432
Tonga,0.0,0.9560982652810791,0.695,0.017889087656529516,9.807344524167258e-06,0.0,0.0,0.0,0.021117778847655692,5.603721633541733e-06,0.330161977910591,0.03346715228033539,0.017352800382958354,7.27116196072591e-05
Tonga,1.0,0.9833164440656786,0.821,0.018625697148268967,1.176881342900071e-05,0.0,4.9638384369865536e-06,0.14285714,0.02845021199914868,1.0273489486376873e-05,0.2951013465208414,0.03791832964984064,0.017352800382958354,7.27116196072591e-05
Trinidad and Tobago,0.0,1.0,1.0,0.0036830474586972534,0.0017358999807776045,0.0,0.0,0.0,0.67312151680473,0.002053764110756423,0.2501637837752431,0.1625709563656327,0.03243178554332216,0.0005114851809012015
Trinidad and Tobago,1.0,1.0,1.0,0.004524886877828054,0.0016927476648712688,0.0,4.9638384369865536e-06,0.0011574074,0.5270787112272509,0.001600796565429173,0.24105162068259223,0.133096633832679,0.03243178554332216,0.0005114851809012015
Tunisia,0.0,0.9979145555082098,0.997,0.13532568662527622,0.003387456798647371,0.0,0.0002928664677822066,0.03303471,0.0397333996162842,0.002792521414457123,0.3489360476853766,0.035006437341066475,0.008855911919578746,0.016384051156931003
Tunisia,1.0,1.0,0.998,0.1283805114174471,0.0038699781492364,0.0,0.00040703475183289734,0.039902678,0.042382516426198266,0.0027887855149609266,0.3133306377190773,0.027143721860030716,0.008855911919578746,0.016384051156931003
Turkmenistan,0.0,0.9993233149713039,0.9990000000000001,0.0005261496369567505,0.00376209735947056,0.0,0.0,0.0,0.20866862833117816,0.00666375926864615,0.5561713728727693,0.06273244646838112,0.0013164193393968406,0.04888294020150333
Turkmenistan,1.0,0.9989572777541049,0.9990000000000001,0.0006313795643481005,0.004154391140437251,0.0,0.0,0.0,0.2464981315928494,0.006801050565699317,0.44700522425360995,0.05989181741904906,0.0013164193393968406,0.04888294020150333
Uganda,0.0,0.16999309226751036,0.006999999999999999,0.9664316531621593,5.688259824017009e-05,0.0,0.0012508872861206114,0.8967972000000001,0.002273697571112651,0.0003791851848462558,0.41442751599082267,0.005315406818884292,0.0271661081857348,0.02413875540341979
Uganda,1.0,0.3879220416595836,0.005,0.9493844049247606,1.7653220143501063e-05,0.0,0.002104667497282299,0.9792147,0.0026264999751494235,0.0005426270695019987,0.45079178953246285,0.004626415189368228,0.0271661081857348,0.02413875540341979
Ukraine,0.0,1.0,0.948,0.036830474586972535,0.016362573604120655,0.10920299971584241,0.005048223690415325,0.54159798,0.11337471195414263,0.022198209395459603,0.0,0.023331359690865142,0.008736237434179034,0.060445690178993774
Ukraine,1.0,1.0,0.9490000000000001,0.07829106597916448,0.011335328801032517,0.10254382822055572,0.005892076224703038,0.62144634,0.09159687655056385,0.016314301547852853,0.36238791807047077,0.027847793627232255,0.008736237434179034,0.060445690178993774
United Arab Emirates,0.0,1.0,1.0,0.0014732189834789015,0.021431009254210293,0.0,0.00015387899154658315,0.0028292415,0.5453122135383747,0.017251056923262478,0.3954265455206749,0.35302952503273893,0.013882240306366683,0.008370749938230178
United Arab Emirates,1.0,1.0,1.0,0.007050405135220457,0.024685086167328986,0.0,0.0018862586060548901,0.02930968,0.5747246218027262,0.01763397847988193,0.3681746743911768,0.3445098006204672,0.013882240306366683,0.008370749938230178
United Kingdom,0.0,1.0,1.0,0.07744922656003368,0.040590637516623444,0.07876107288024611,0.03202668559543724,0.38265563999999996,0.14674111054959563,0.03881044352318109,0.356702025158541,0.38576184016034964,0.033389181426519865,0.02439635083817168
United Kingdom,1.0,1.0,1.0,0.12880143112701253,0.028439337651180216,0.06940858155940748,0.059804325488813995,0.54923054,0.1395293935716271,0.032582841422770126,0.32069846640429406,0.3475032902345162,0.033389181426519865,0.02439635083817168
United States,0.0,1.0,1.0,0.0970219930548248,0.5397982040790708,0.9848778740069928,0.2714375772497357,0.32812420000000003,0.3436382365920518,0.4769850567223247,0.34400623755946313,0.444671594917083,0.0040689325035902345,0.9848614608285179
United States,1.0,1.0,1.0,0.1096495843417868,0.5076693434178988,1.0,0.377628972932189,0.37759180000000003,0.33836360093607487,0.4499480569081805,0.33405036848845426,0.5276456722767653,0.0040689325035902345,0.9848614608285179
Uruguay,0.0,0.9964242968743765,1.0,0.596653688308955,0.00032168090039268605,0.0,0.005564462887861926,0.8723735,0.08054528438603423,0.0006024000890896918,0.3634601303872083,0.13467658027172344,0.00215414073719483,0.017646489125456487
Uruguay,1.0,0.9989572777541049,1.0,0.6393770388298432,0.00037071762301352234,0.0,0.007028795226772959,0.8822430400000001,0.08444436357810553,0.0006014661140755495,0.28463278045753043,0.14162032844486844,0.00215414073719483,0.017646489125456487
Uzbekistan,0.0,1.0,0.855,0.014732189834789014,0.00916005978557222,0.0,0.0029832669006289183,0.11402011,0.07818492045494821,0.009789702166163134,0.4626661575044651,0.019468931976174796,0.009214935375777885,0.04480668273867214
Uzbekistan,1.0,1.0,0.846,0.016521098600441965,0.010521319205526635,0.0,0.0032116034687302997,0.10763600000000001,0.06834488103918981,0.010895502923839255,0.4308931799844919,0.01261940885365508,0.009214935375777885,0.04480668273867214
Vanuatu,0.0,0.46881065681488227,0.1,0.3339997895401452,9.807344524167258e-06,0.0,9.927676873973107e-06,0.28571428,0.010689114467295972,1.0273489486376873e-05,0.3603886052157067,0.02188786026368322,0.002752513164193394,0.0012186707815167062
Vanuatu,1.0,0.6307740339008168,0.08,0.3352625486688414,9.807344524167258e-06,0.0,9.927676873973107e-06,0.28571428,0.01262403186026969,1.4943257339212013e-05,0.38184762683399337,0.023425892359591364,0.002752513164193394,0.0012186707815167062
Zambia,0.0,0.24819726070964193,0.146,0.8815111017573397,6.86514116691708e-05,0.0,0.006954337650218161,0.97562675,0.013344830599288858,0.0004333544879978591,0.40328397297825797,0.01244435246479858,0.002752513164193394,0.07537540879003359
Zambia,1.0,0.40564831983980015,0.11199999999999999,0.8891928864569083,0.00040210112549085754,0.0,0.00626436410747703,0.8602589999999999,0.011896079054994365,0.0006304187157263334,0.3144039961439262,0.00873406217503466,0.002752513164193394,0.07537540879003359
Zimbabwe,0.0,0.29407703952902575,0.295,0.8446806271703672,0.000768895810694713,0.0,0.0028740624550152145,0.5962925,0.015979869282161063,0.0011235462052632318,0.3399385944175644,0.009787671374737923,0.00430828147438966,0.03913367410311569
Zimbabwe,1.0,0.4450786008877614,0.301,0.8576239082395033,0.0007178976191690433,0.0,0.0022734380041398413,0.55582527,0.011980458631450868,0.0010936597181644583,0.10738288397992646,0.008829284889764925,0.00430828147438966,0.03913367410311569
